SPEAKER	NUM.WORDS	WPS	AllPct	Apostro	Colon	Comma	Dash	Exclam	Numerals	OtherP	Parenth	Period	QMark	Quote	SemiC	Sixltr	achieve	adverb	affect	anger	anx	article	assent	auxverb	bio	body	cause	certain	cogmech	conj	death	discrep	excl	family	feel	filler	friend	funct	future	health	hear	home	humans	i	incl	ingest	inhib	insight	ipron	leisure	money	motion	negate	negemo	nonfl	number	past	percept	posemo	ppron	preps	present	pronoun	quant	relativ	relig	sad	see	sexual	shehe	social	space	swear	tentat	they	time	verb	we	work	you
FOUCHET	8	8.0	0.0	0.0	0.0	0.0	0.0	0.0	0.0	0.0	0.0	0.0	0.0	0.0	0.0	0.0	0.0	37.50	12.50	12.50	0.0	0.0	0.0	12.50	0.0	0.0	0.0	0.0	0.0	12.50	0.0	0.0	0.0	0.0	0.0	0.0	0.0	75.00	0.0	0.0	0.0	0.0	0.0	0.0	0.0	0.0	0.0	0.0	25.00	0.0	0.0	0.0	0.0	12.50	0.0	0.0	0.0	0.0	0.0	0.0	12.50	25.00	25.00	0.0	25.00	0.0	0.0	0.0	0.0	0.0	0.0	0.0	0.0	0.0	0.0	25.00	25.00	0.0	0.0	0.0
REAR	66	66.0	0.0	0.0	0.0	0.0	0.0	0.0	0.0	0.0	0.0	0.0	0.0	0.0	0.0	9.09	0.0	6.06	4.55	0.0	0.0	7.58	1.52	4.55	1.52	1.52	1.52	3.03	13.64	6.06	0.0	0.0	1.52	0.0	0.0	0.0	0.0	50.00	0.0	0.0	0.0	0.0	0.0	1.52	6.06	0.0	1.52	0.0	1.52	1.52	1.52	1.52	0.0	0.0	0.0	0.0	1.52	4.55	4.55	12.12	12.12	10.61	13.64	3.03	13.64	0.0	0.0	4.55	0.0	9.09	10.61	9.09	0.0	0.0	0.0	3.03	12.12	0.0	0.0	1.52
front.	24	24.0	0.0	0.0	0.0	0.0	0.0	0.0	0.0	0.0	0.0	0.0	0.0	0.0	0.0	25.00	0.0	8.33	0.0	0.0	0.0	12.50	0.0	8.33	0.0	0.0	0.0	0.0	4.17	0.0	0.0	0.0	0.0	0.0	0.0	0.0	0.0	50.00	0.0	0.0	4.17	0.0	0.0	12.50	0.0	0.0	0.0	4.17	0.0	0.0	0.0	0.0	0.0	0.0	0.0	0.0	0.0	4.17	0.0	20.83	8.33	8.33	20.83	0.0	12.50	0.0	0.0	0.0	0.0	0.0	12.50	8.33	0.0	0.0	0.0	4.17	8.33	0.0	4.17	8.33
distressed.	17	17.0	0.0	0.0	0.0	0.0	0.0	0.0	0.0	0.0	0.0	0.0	0.0	0.0	0.0	11.76	0.0	5.88	5.88	0.0	0.0	11.76	0.0	5.88	0.0	0.0	0.0	0.0	5.88	0.0	0.0	0.0	5.88	0.0	0.0	0.0	0.0	47.06	0.0	0.0	0.0	0.0	0.0	17.65	0.0	0.0	0.0	0.0	0.0	0.0	0.0	5.88	0.0	0.0	0.0	0.0	5.88	5.88	5.88	17.65	11.76	5.88	17.65	0.0	23.53	0.0	0.0	5.88	0.0	0.0	17.65	11.76	0.0	0.0	0.0	5.88	11.76	0.0	0.0	0.0
POLICE RADIO	31	31.0	0.0	0.0	0.0	0.0	0.0	0.0	0.0	0.0	0.0	0.0	0.0	0.0	0.0	16.13	0.0	0.0	3.23	0.0	0.0	9.68	0.0	3.23	0.0	0.0	0.0	3.23	9.68	6.45	0.0	0.0	0.0	0.0	0.0	0.0	0.0	41.94	0.0	0.0	0.0	3.23	0.0	0.0	6.45	0.0	0.0	0.0	0.0	3.23	0.0	0.0	0.0	3.23	0.0	0.0	0.0	0.0	0.0	3.23	16.13	0.0	3.23	3.23	12.90	0.0	3.23	0.0	0.0	0.0	6.45	12.90	0.0	0.0	3.23	0.0	3.23	0.0	9.68	0.0
LOWREY	31	31.0	6.45	0.0	0.0	0.0	6.45	0.0	0.0	0.0	0.0	0.0	0.0	0.0	0.0	16.13	0.0	0.0	9.68	0.0	0.0	6.45	0.0	9.68	0.0	0.0	0.0	0.0	12.90	6.45	0.0	0.0	0.0	0.0	0.0	0.0	3.23	61.29	3.23	0.0	0.0	0.0	0.0	12.90	6.45	0.0	0.0	3.23	3.23	0.0	0.0	0.0	0.0	3.23	0.0	0.0	0.0	0.0	6.45	29.03	9.68	9.68	32.26	3.23	19.35	0.0	3.23	0.0	0.0	0.0	22.58	9.68	0.0	3.23	3.23	9.68	12.90	9.68	0.0	3.23
Then --	35	35.0	0.0	0.0	0.0	0.0	0.0	0.0	0.0	0.0	0.0	0.0	0.0	0.0	0.0	11.43	2.86	0.0	8.57	2.86	0.0	11.43	0.0	0.0	0.0	0.0	0.0	0.0	11.43	8.57	0.0	0.0	2.86	0.0	0.0	0.0	0.0	51.43	0.0	0.0	0.0	2.86	0.0	0.0	8.57	0.0	0.0	0.0	2.86	0.0	0.0	2.86	0.0	8.57	0.0	5.71	0.0	0.0	0.0	2.86	20.00	2.86	5.71	0.0	31.43	0.0	5.71	0.0	0.0	0.0	2.86	25.71	0.0	0.0	2.86	2.86	2.86	0.0	2.86	0.0
BURNETT	12	12.0	0.0	0.0	0.0	0.0	0.0	0.0	0.0	0.0	0.0	0.0	0.0	0.0	0.0	16.67	0.0	0.0	16.67	0.0	0.0	0.0	0.0	0.0	0.0	0.0	0.0	0.0	8.33	8.33	0.0	0.0	0.0	0.0	0.0	0.0	0.0	33.33	0.0	0.0	0.0	0.0	0.0	0.0	8.33	0.0	0.0	0.0	8.33	0.0	0.0	8.33	0.0	8.33	0.0	0.0	0.0	0.0	8.33	8.33	16.67	0.0	16.67	0.0	25.00	0.0	8.33	0.0	0.0	0.0	8.33	16.67	0.0	0.0	0.0	0.0	0.0	8.33	8.33	0.0
FOUCHET	29	29.0	0.0	0.0	0.0	0.0	0.0	0.0	0.0	0.0	0.0	0.0	0.0	0.0	0.0	10.34	6.90	0.0	0.0	0.0	0.0	17.24	0.0	3.45	0.0	0.0	0.0	0.0	6.90	3.45	0.0	0.0	0.0	0.0	0.0	0.0	0.0	44.83	0.0	0.0	0.0	0.0	0.0	0.0	6.90	0.0	0.0	0.0	10.34	3.45	0.0	10.34	0.0	0.0	0.0	3.45	0.0	6.90	0.0	3.45	6.90	6.90	13.79	0.0	24.14	0.0	0.0	6.90	0.0	0.0	6.90	10.34	0.0	0.0	3.45	3.45	6.90	0.0	3.45	0.0
FOUCHET	5	5.0	0.0	0.0	0.0	0.0	0.0	0.0	0.0	0.0	0.0	0.0	0.0	0.0	0.0	0.0	0.0	0.0	0.0	0.0	0.0	20.00	0.0	0.0	0.0	0.0	0.0	0.0	20.00	0.0	0.0	0.0	0.0	0.0	0.0	0.0	0.0	80.00	0.0	0.0	0.0	0.0	0.0	0.0	20.00	0.0	0.0	0.0	0.0	20.00	0.0	0.0	0.0	0.0	0.0	0.0	0.0	0.0	0.0	40.00	20.00	40.00	40.00	0.0	40.00	0.0	0.0	0.0	0.0	0.0	40.00	20.00	0.0	0.0	0.0	20.00	40.00	40.00	0.0	0.0
FOUCHET	7	7.0	0.0	0.0	0.0	0.0	0.0	0.0	0.0	0.0	0.0	0.0	0.0	0.0	0.0	14.29	0.0	14.29	0.0	0.0	0.0	0.0	0.0	14.29	0.0	0.0	14.29	0.0	14.29	0.0	0.0	0.0	0.0	0.0	0.0	0.0	0.0	57.14	0.0	0.0	0.0	0.0	0.0	0.0	0.0	0.0	0.0	0.0	0.0	0.0	0.0	0.0	0.0	0.0	0.0	0.0	14.29	0.0	0.0	28.57	0.0	14.29	28.57	0.0	28.57	0.0	0.0	0.0	0.0	14.29	28.57	28.57	0.0	0.0	0.0	0.0	28.57	14.29	0.0	0.0
FOUCHET	4	4.0	0.0	0.0	0.0	0.0	0.0	0.0	0.0	0.0	0.0	0.0	0.0	0.0	0.0	0.0	0.0	25.00	0.0	0.0	0.0	0.0	0.0	25.00	0.0	0.0	0.0	0.0	0.0	25.00	0.0	0.0	0.0	0.0	0.0	0.0	0.0	100.00	0.0	0.0	0.0	0.0	0.0	0.0	0.0	0.0	0.0	0.0	0.0	0.0	0.0	0.0	0.0	0.0	0.0	0.0	0.0	0.0	0.0	25.00	0.0	25.00	25.00	0.0	50.00	0.0	0.0	0.0	0.0	25.00	25.00	0.0	0.0	0.0	0.0	50.00	25.00	0.0	0.0	0.0
floor.	3	3.0	0.0	0.0	0.0	0.0	0.0	0.0	0.0	0.0	0.0	0.0	0.0	0.0	0.0	0.0	0.0	33.33	33.33	33.33	0.0	0.0	0.0	0.0	0.0	0.0	0.0	0.0	0.0	0.0	0.0	0.0	0.0	0.0	0.0	0.0	0.0	66.67	0.0	0.0	0.0	0.0	0.0	0.0	0.0	0.0	0.0	0.0	0.0	0.0	0.0	0.0	0.0	33.33	0.0	0.0	0.0	0.0	0.0	0.0	33.33	0.0	0.0	0.0	33.33	0.0	0.0	0.0	0.0	0.0	0.0	0.0	0.0	0.0	0.0	33.33	0.0	0.0	0.0	0.0
floor.	
Spectacular view.	39	39.0	2.56	0.0	0.0	0.0	2.56	0.0	0.0	0.0	0.0	0.0	0.0	0.0	0.0	15.38	5.13	0.0	7.69	0.0	0.0	12.82	0.0	0.0	0.0	0.0	0.0	0.0	5.13	2.56	0.0	0.0	0.0	0.0	0.0	0.0	0.0	35.90	0.0	0.0	0.0	0.0	0.0	0.0	5.13	0.0	0.0	0.0	0.0	0.0	0.0	2.56	0.0	2.56	0.0	0.0	0.0	2.56	5.13	0.0	20.51	0.0	0.0	0.0	15.38	0.0	2.56	2.56	0.0	0.0	0.0	12.82	0.0	0.0	0.0	0.0	0.0	0.0	0.0	0.0
THE LATINA	53	53.0	0.0	1.89	0.0	0.0	0.0	0.0	0.0	0.0	0.0	0.0	0.0	0.0	0.0	7.55	0.0	5.66	5.66	0.0	0.0	9.43	5.66	0.0	3.77	1.89	0.0	0.0	13.21	3.77	0.0	1.89	1.89	0.0	0.0	0.0	0.0	50.94	0.0	1.89	0.0	7.55	1.89	0.0	5.66	0.0	0.0	0.0	3.77	0.0	0.0	3.77	0.0	5.66	0.0	1.89	1.89	1.89	0.0	9.43	15.09	0.0	13.21	3.77	22.64	0.0	5.66	1.89	0.0	9.43	11.32	16.98	0.0	0.0	0.0	1.89	1.89	0.0	0.0	0.0
for her.	73	73.0	0.0	0.0	0.0	0.0	0.0	0.0	0.0	0.0	0.0	0.0	0.0	0.0	0.0	17.81	0.0	4.11	4.11	0.0	0.0	5.48	0.0	12.33	1.37	0.0	4.11	2.74	19.18	4.11	0.0	1.37	0.0	0.0	0.0	0.0	0.0	58.90	1.37	0.0	1.37	4.11	0.0	5.48	8.22	0.0	0.0	1.37	4.11	0.0	1.37	1.37	0.0	0.0	1.37	1.37	9.59	1.37	4.11	20.55	6.85	6.85	24.66	4.11	15.07	0.0	0.0	0.0	1.37	5.48	16.44	4.11	0.0	1.37	0.0	9.59	19.18	6.85	0.0	2.74
JILL	11	11.0	0.0	0.0	0.0	0.0	0.0	0.0	0.0	0.0	0.0	0.0	0.0	0.0	0.0	0.0	0.0	0.0	0.0	0.0	0.0	0.0	0.0	0.0	0.0	0.0	0.0	0.0	0.0	0.0	0.0	0.0	0.0	18.18	0.0	0.0	0.0	27.27	0.0	0.0	0.0	0.0	0.0	18.18	0.0	0.0	0.0	0.0	9.09	0.0	0.0	18.18	0.0	0.0	0.0	0.0	9.09	0.0	0.0	18.18	0.0	0.0	27.27	0.0	18.18	0.0	0.0	0.0	0.0	0.0	18.18	0.0	0.0	0.0	0.0	0.0	9.09	0.0	0.0	0.0
THERESA	125	125.0	0.80	0.0	0.0	0.0	0.0	0.0	0.0	0.80	0.0	0.0	0.0	0.0	0.0	12.80	0.0	0.80	10.40	1.60	0.80	7.20	0.80	4.80	6.40	2.40	1.60	1.60	11.20	3.20	0.0	0.0	0.80	3.20	0.0	0.0	0.0	41.60	0.80	0.80	0.0	4.00	3.20	4.00	4.00	2.40	2.40	0.80	4.00	2.40	0.0	0.80	2.40	8.00	0.0	0.80	0.80	1.60	2.40	9.60	11.20	5.60	13.60	0.80	18.40	0.0	4.80	1.60	1.60	1.60	12.80	11.20	0.80	0.80	0.0	5.60	7.20	0.80	0.80	3.20
THERESA	67	67.0	1.49	2.99	0.0	0.0	0.0	0.0	0.0	0.0	1.49	0.0	0.0	0.0	0.0	10.45	1.49	2.99	13.43	1.49	0.0	5.97	1.49	4.48	2.99	0.0	0.0	1.49	16.42	2.99	0.0	2.99	1.49	0.0	0.0	0.0	0.0	49.25	0.0	0.0	1.49	0.0	1.49	4.48	2.99	0.0	0.0	7.46	2.99	0.0	0.0	1.49	1.49	7.46	0.0	1.49	0.0	1.49	5.97	16.42	14.93	13.43	19.40	1.49	13.43	0.0	5.97	0.0	2.99	4.48	22.39	10.45	1.49	0.0	1.49	1.49	13.43	0.0	0.0	5.97
THERESA	24	24.0	0.0	0.0	0.0	0.0	0.0	0.0	0.0	0.0	0.0	0.0	0.0	0.0	0.0	8.33	0.0	4.17	4.17	0.0	0.0	8.33	0.0	8.33	4.17	4.17	0.0	0.0	8.33	4.17	0.0	0.0	4.17	0.0	0.0	0.0	0.0	45.83	0.0	0.0	0.0	0.0	4.17	4.17	0.0	0.0	0.0	4.17	0.0	0.0	0.0	4.17	4.17	4.17	0.0	0.0	4.17	4.17	0.0	12.50	8.33	8.33	12.50	0.0	16.67	0.0	4.17	4.17	0.0	4.17	16.67	4.17	0.0	0.0	0.0	8.33	12.50	0.0	12.50	4.17
THERESA	
BURNETT	27	27.0	0.0	0.0	0.0	0.0	0.0	0.0	0.0	0.0	0.0	0.0	0.0	0.0	0.0	18.52	7.41	3.70	11.11	0.0	0.0	3.70	0.0	7.41	0.0	0.0	7.41	0.0	22.22	11.11	0.0	3.70	3.70	3.70	0.0	0.0	0.0	44.44	0.0	0.0	0.0	0.0	11.11	14.81	11.11	0.0	0.0	7.41	3.70	0.0	0.0	3.70	0.0	3.70	0.0	0.0	3.70	0.0	7.41	18.52	7.41	7.41	22.22	0.0	14.81	0.0	3.70	0.0	0.0	3.70	22.22	7.41	0.0	3.70	0.0	3.70	11.11	0.0	0.0	0.0
LOWREY	9	9.0	11.11	0.0	0.0	0.0	11.11	0.0	0.0	0.0	0.0	0.0	0.0	0.0	0.0	11.11	0.0	11.11	11.11	0.0	0.0	11.11	0.0	11.11	0.0	0.0	0.0	0.0	0.0	0.0	0.0	0.0	0.0	0.0	0.0	0.0	0.0	44.44	0.0	0.0	0.0	0.0	0.0	0.0	0.0	0.0	0.0	0.0	0.0	0.0	0.0	0.0	0.0	0.0	0.0	0.0	0.0	0.0	11.11	11.11	0.0	11.11	11.11	0.0	33.33	0.0	0.0	0.0	0.0	0.0	22.22	22.22	0.0	0.0	0.0	11.11	11.11	0.0	0.0	11.11
paranoia.	62	62.0	0.0	0.0	0.0	0.0	0.0	0.0	0.0	0.0	0.0	0.0	0.0	0.0	0.0	11.29	0.0	8.06	3.23	1.61	0.0	6.45	0.0	11.29	1.61	1.61	0.0	0.0	19.35	6.45	0.0	1.61	3.23	0.0	0.0	0.0	0.0	70.97	0.0	0.0	0.0	0.0	0.0	1.61	12.90	0.0	0.0	0.0	8.06	0.0	0.0	4.84	4.84	1.61	0.0	1.61	3.23	0.0	1.61	8.06	22.58	11.29	16.13	0.0	22.58	0.0	0.0	0.0	0.0	0.0	6.45	12.90	1.61	4.84	0.0	4.84	16.13	1.61	3.23	4.84
BURNETT	44	44.0	0.0	0.0	0.0	0.0	0.0	0.0	0.0	0.0	0.0	0.0	0.0	0.0	0.0	11.36	2.27	2.27	6.82	4.55	0.0	6.82	0.0	6.82	4.55	4.55	2.27	0.0	25.00	9.09	2.27	4.55	4.55	0.0	2.27	0.0	0.0	59.09	2.27	0.0	2.27	0.0	2.27	0.0	6.82	0.0	0.0	4.55	13.64	0.0	0.0	2.27	4.55	4.55	0.0	0.0	2.27	4.55	2.27	9.09	6.82	9.09	22.73	4.55	9.09	0.0	0.0	0.0	2.27	2.27	18.18	4.55	4.55	6.82	0.0	2.27	13.64	0.0	4.55	6.82
BURNETT	33	33.0	0.0	0.0	0.0	0.0	0.0	0.0	0.0	0.0	0.0	0.0	0.0	0.0	0.0	9.09	3.03	9.09	6.06	0.0	0.0	6.06	0.0	6.06	0.0	0.0	3.03	0.0	15.15	6.06	0.0	3.03	0.0	0.0	0.0	0.0	0.0	57.58	3.03	0.0	0.0	0.0	0.0	6.06	3.03	0.0	0.0	6.06	15.15	0.0	0.0	3.03	0.0	3.03	0.0	0.0	0.0	3.03	3.03	12.12	12.12	18.18	27.27	0.0	15.15	0.0	3.03	3.03	0.0	0.0	9.09	9.09	0.0	0.0	0.0	3.03	21.21	0.0	0.0	6.06
LOWREY	27	27.0	0.0	0.0	0.0	0.0	0.0	0.0	0.0	0.0	0.0	0.0	0.0	0.0	0.0	22.22	0.0	3.70	3.70	0.0	0.0	7.41	3.70	0.0	0.0	0.0	0.0	0.0	7.41	3.70	0.0	0.0	0.0	0.0	0.0	0.0	0.0	37.04	0.0	0.0	0.0	0.0	0.0	3.70	0.0	0.0	0.0	0.0	7.41	0.0	0.0	0.0	0.0	3.70	0.0	0.0	3.70	0.0	0.0	3.70	7.41	0.0	11.11	3.70	18.52	0.0	0.0	0.0	0.0	0.0	0.0	11.11	0.0	7.41	0.0	3.70	3.70	0.0	7.41	0.0
HOWARD	17	17.0	0.0	0.0	0.0	0.0	0.0	0.0	0.0	0.0	0.0	0.0	0.0	0.0	0.0	17.65	0.0	23.53	11.76	0.0	0.0	5.88	5.88	5.88	0.0	0.0	0.0	0.0	11.76	5.88	0.0	0.0	0.0	0.0	5.88	0.0	0.0	58.82	0.0	0.0	0.0	0.0	0.0	0.0	5.88	0.0	0.0	0.0	0.0	0.0	0.0	0.0	0.0	0.0	0.0	0.0	0.0	5.88	11.76	5.88	17.65	5.88	5.88	0.0	23.53	0.0	0.0	0.0	0.0	0.0	5.88	11.76	0.0	5.88	0.0	5.88	5.88	0.0	5.88	5.88
informants.	103	103.0	0.0	0.0	0.0	0.0	0.0	0.0	0.0	0.0	0.0	0.0	0.0	0.0	0.0	9.71	1.94	7.77	4.85	0.97	0.0	9.71	0.0	8.74	3.88	1.94	0.0	0.0	16.50	5.83	0.0	1.94	1.94	0.97	0.0	0.0	0.0	62.14	1.94	0.97	2.91	0.0	0.0	2.91	7.77	0.0	0.0	0.97	4.85	0.0	3.88	1.94	0.97	2.91	0.0	0.97	0.0	3.88	1.94	20.39	9.71	12.62	25.24	1.94	10.68	0.0	0.97	0.97	2.91	0.0	25.24	7.77	2.91	3.88	0.97	0.97	16.50	3.88	0.0	12.62
door.	45	45.0	0.0	0.0	0.0	0.0	0.0	0.0	0.0	0.0	0.0	0.0	0.0	0.0	0.0	15.56	6.67	6.67	11.11	2.22	0.0	8.89	4.44	8.89	6.67	2.22	2.22	4.44	26.67	4.44	0.0	2.22	4.44	0.0	0.0	0.0	0.0	57.78	0.0	2.22	0.0	0.0	0.0	4.44	11.11	0.0	0.0	2.22	6.67	0.0	0.0	2.22	4.44	6.67	2.22	0.0	6.67	0.0	4.44	20.00	6.67	6.67	26.67	0.0	15.56	0.0	4.44	0.0	4.44	0.0	20.00	8.89	4.44	0.0	0.0	4.44	13.33	11.11	4.44	4.44
Lowrey.	16	16.0	0.0	0.0	0.0	0.0	0.0	0.0	0.0	0.0	0.0	0.0	0.0	0.0	0.0	12.50	6.25	0.0	12.50	0.0	0.0	0.0	0.0	12.50	0.0	0.0	0.0	0.0	12.50	0.0	0.0	0.0	0.0	0.0	0.0	0.0	0.0	25.00	6.25	0.0	0.0	0.0	0.0	0.0	12.50	0.0	0.0	0.0	0.0	0.0	0.0	12.50	0.0	6.25	0.0	0.0	0.0	0.0	6.25	12.50	6.25	18.75	12.50	0.0	18.75	0.0	6.25	0.0	0.0	0.0	25.00	6.25	0.0	0.0	0.0	0.0	25.00	6.25	6.25	6.25
LOWREY	110	110.0	0.0	0.0	0.0	0.0	0.0	0.0	0.0	0.0	0.0	0.0	0.0	0.91	0.0	7.27	0.91	13.64	10.00	1.82	0.0	4.55	0.0	11.82	4.55	2.73	0.91	0.91	19.09	2.73	0.0	3.64	5.45	0.0	0.0	0.0	0.0	57.27	1.82	1.82	1.82	0.0	0.0	9.09	4.55	0.0	0.91	0.0	6.36	0.91	2.73	0.91	3.64	5.45	0.0	0.0	0.91	3.64	4.55	12.73	10.00	14.55	19.09	7.27	11.82	0.0	2.73	1.82	0.0	0.91	11.82	9.09	2.73	6.36	0.0	1.82	20.91	0.0	0.0	2.73
BURNETT	40	40.0	0.0	2.50	0.0	0.0	0.0	0.0	0.0	0.0	0.0	0.0	0.0	0.0	0.0	12.50	0.0	0.0	10.00	5.00	0.0	2.50	0.0	7.50	10.00	5.00	2.50	0.0	17.50	0.0	0.0	5.00	0.0	2.50	0.0	0.0	0.0	50.00	0.0	0.0	0.0	0.0	10.00	10.00	0.0	0.0	0.0	5.00	10.00	0.0	2.50	0.0	2.50	7.50	0.0	0.0	5.00	0.0	2.50	15.00	12.50	7.50	25.00	2.50	10.00	0.0	2.50	0.0	7.50	2.50	20.00	10.00	7.50	5.00	2.50	0.0	17.50	0.0	0.0	0.0
song.	40	40.0	0.0	2.50	0.0	0.0	0.0	0.0	0.0	0.0	0.0	0.0	0.0	0.0	0.0	12.50	5.00	2.50	5.00	0.0	0.0	5.00	0.0	2.50	7.50	2.50	0.0	2.50	12.50	5.00	0.0	0.0	2.50	0.0	0.0	0.0	0.0	47.50	0.0	2.50	0.0	0.0	2.50	5.00	7.50	0.0	0.0	0.0	0.0	0.0	0.0	2.50	0.0	2.50	0.0	5.00	0.0	0.0	2.50	12.50	15.00	2.50	12.50	0.0	17.50	0.0	2.50	0.0	2.50	2.50	10.00	12.50	0.0	0.0	0.0	2.50	5.00	0.0	0.0	5.00
LOWREY	64	64.0	0.0	0.0	0.0	0.0	0.0	0.0	0.0	0.0	0.0	0.0	0.0	0.0	0.0	9.38	0.0	1.56	3.12	0.0	0.0	10.94	0.0	10.94	0.0	0.0	0.0	1.56	17.19	4.69	1.56	1.56	6.25	1.56	0.0	0.0	0.0	64.06	1.56	0.0	3.12	3.12	3.12	9.38	3.12	0.0	0.0	1.56	7.81	1.56	4.69	1.56	3.12	1.56	0.0	0.0	3.12	3.12	1.56	17.19	9.38	10.94	25.00	6.25	9.38	0.0	1.56	0.0	0.0	0.0	17.19	6.25	1.56	4.69	0.0	1.56	17.19	0.0	1.56	7.81
LOWREY	79	79.0	0.0	1.27	0.0	0.0	0.0	0.0	0.0	0.0	0.0	0.0	0.0	0.0	0.0	8.86	1.27	3.80	5.06	2.53	0.0	7.59	0.0	7.59	6.33	2.53	0.0	5.06	16.46	7.59	0.0	3.80	2.53	0.0	0.0	0.0	0.0	60.76	0.0	1.27	1.27	1.27	3.80	12.66	2.53	0.0	0.0	2.53	8.86	0.0	0.0	1.27	2.53	3.80	0.0	1.27	0.0	3.80	1.27	12.66	12.66	13.92	21.52	3.80	10.13	0.0	1.27	1.27	3.80	0.0	10.13	2.53	5.06	2.53	0.0	6.33	15.19	0.0	0.0	0.0
LOWREY	43	43.0	2.33	0.0	0.0	0.0	2.33	0.0	0.0	0.0	0.0	0.0	0.0	0.0	0.0	11.63	0.0	2.33	9.30	0.0	0.0	6.98	0.0	9.30	0.0	0.0	0.0	0.0	18.60	4.65	0.0	0.0	2.33	2.33	0.0	0.0	0.0	44.19	0.0	0.0	6.98	0.0	0.0	4.65	6.98	0.0	4.65	4.65	2.33	0.0	2.33	4.65	2.33	4.65	2.33	0.0	6.98	6.98	4.65	13.95	2.33	13.95	16.28	0.0	13.95	0.0	4.65	0.0	0.0	2.33	16.28	6.98	0.0	2.33	2.33	0.0	20.93	4.65	2.33	0.0
LOWREY	30	30.0	0.0	0.0	0.0	0.0	0.0	0.0	0.0	0.0	0.0	0.0	0.0	0.0	0.0	10.00	0.0	0.0	13.33	3.33	3.33	0.0	6.67	6.67	0.0	0.0	0.0	0.0	13.33	6.67	0.0	0.0	3.33	0.0	0.0	0.0	0.0	46.67	0.0	0.0	0.0	0.0	6.67	3.33	10.00	0.0	0.0	0.0	3.33	0.0	0.0	0.0	10.00	13.33	3.33	3.33	6.67	3.33	0.0	10.00	3.33	3.33	13.33	3.33	10.00	0.0	6.67	3.33	0.0	0.0	13.33	10.00	0.0	0.0	0.0	0.0	10.00	0.0	0.0	6.67
LOWREY	99	99.0	0.0	0.0	0.0	0.0	0.0	0.0	0.0	0.0	0.0	0.0	0.0	0.0	0.0	12.12	1.01	5.05	6.06	1.01	2.02	11.11	0.0	10.10	10.10	5.05	0.0	1.01	7.07	5.05	4.04	3.03	2.02	0.0	0.0	0.0	0.0	49.49	2.02	4.04	2.02	1.01	0.0	0.0	2.02	0.0	1.01	0.0	2.02	0.0	0.0	1.01	2.02	6.06	0.0	0.0	2.02	3.03	0.0	10.10	9.09	10.10	12.12	1.01	14.14	0.0	2.02	1.01	1.01	4.04	13.13	10.10	1.01	1.01	1.01	2.02	15.15	0.0	2.02	5.05
LOWREY	48	48.0	0.0	0.0	0.0	0.0	0.0	0.0	0.0	0.0	0.0	0.0	0.0	0.0	0.0	12.50	6.25	2.08	6.25	0.0	0.0	10.42	0.0	12.50	4.17	0.0	0.0	0.0	8.33	2.08	0.0	0.0	0.0	0.0	0.0	0.0	0.0	47.92	2.08	4.17	0.0	0.0	2.08	6.25	4.17	0.0	0.0	0.0	0.0	2.08	2.08	2.08	0.0	6.25	0.0	0.0	0.0	0.0	0.0	16.67	8.33	14.58	16.67	2.08	8.33	0.0	2.08	0.0	0.0	8.33	14.58	4.17	0.0	4.17	0.0	2.08	18.75	2.08	8.33	0.0
LOIS	19	19.0	0.0	0.0	0.0	0.0	0.0	0.0	0.0	0.0	0.0	0.0	0.0	0.0	0.0	26.32	0.0	0.0	0.0	0.0	0.0	10.53	0.0	5.26	15.79	5.26	0.0	0.0	5.26	5.26	0.0	0.0	0.0	0.0	0.0	0.0	0.0	42.11	0.0	0.0	0.0	5.26	0.0	0.0	5.26	10.53	0.0	0.0	0.0	0.0	0.0	15.79	0.0	0.0	0.0	0.0	0.0	0.0	0.0	10.53	10.53	10.53	10.53	0.0	26.32	0.0	0.0	0.0	0.0	10.53	10.53	10.53	0.0	0.0	0.0	0.0	10.53	0.0	0.0	0.0
burning.	6	6.0	0.0	0.0	0.0	0.0	0.0	0.0	0.0	0.0	0.0	0.0	0.0	0.0	0.0	0.0	0.0	16.67	33.33	0.0	0.0	0.0	16.67	0.0	0.0	0.0	0.0	0.0	0.0	16.67	0.0	0.0	0.0	0.0	0.0	0.0	0.0	50.00	0.0	0.0	0.0	0.0	0.0	16.67	0.0	0.0	0.0	0.0	16.67	0.0	0.0	0.0	0.0	16.67	0.0	0.0	0.0	0.0	16.67	16.67	0.0	16.67	33.33	0.0	0.0	0.0	16.67	0.0	0.0	0.0	0.0	0.0	0.0	0.0	0.0	0.0	16.67	0.0	0.0	0.0
MAX	43	43.0	0.0	0.0	0.0	0.0	0.0	0.0	0.0	0.0	0.0	0.0	0.0	0.0	0.0	4.65	0.0	6.98	9.30	0.0	0.0	6.98	2.33	6.98	11.63	2.33	0.0	0.0	0.0	2.33	0.0	0.0	0.0	0.0	4.65	0.0	0.0	41.86	0.0	4.65	0.0	0.0	0.0	2.33	0.0	2.33	0.0	0.0	4.65	2.33	0.0	0.0	2.33	4.65	0.0	2.33	6.98	6.98	2.33	4.65	9.30	0.0	9.30	0.0	6.98	0.0	0.0	4.65	2.33	0.0	2.33	0.0	0.0	0.0	0.0	6.98	6.98	0.0	0.0	2.33
MAX	121	121.0	0.0	0.0	0.0	0.0	0.0	0.0	0.0	0.0	0.0	0.0	0.0	0.0	0.0	4.13	0.0	5.79	15.70	1.65	0.0	5.79	0.83	16.53	5.79	0.83	0.0	3.31	15.70	4.96	0.0	1.65	4.96	0.0	0.0	0.0	5.79	65.29	2.48	0.83	0.0	0.0	1.65	9.09	6.61	0.0	0.0	0.83	5.79	0.83	0.83	0.0	4.96	4.96	1.65	0.83	1.65	0.0	10.74	19.01	10.74	16.53	24.79	0.83	14.88	0.0	2.48	0.0	4.13	1.65	19.83	9.09	1.65	1.65	2.48	5.79	21.49	1.65	0.0	4.13
EDDIE	16	16.0	0.0	0.0	0.0	0.0	0.0	0.0	0.0	0.0	0.0	0.0	0.0	0.0	0.0	0.0	0.0	0.0	6.25	0.0	0.0	6.25	0.0	12.50	0.0	0.0	0.0	0.0	6.25	6.25	0.0	0.0	0.0	0.0	0.0	0.0	6.25	50.00	0.0	0.0	0.0	0.0	0.0	6.25	6.25	0.0	0.0	0.0	18.75	0.0	0.0	0.0	0.0	0.0	0.0	0.0	6.25	0.0	6.25	12.50	0.0	12.50	31.25	0.0	18.75	0.0	0.0	0.0	0.0	0.0	25.00	6.25	0.0	0.0	0.0	12.50	18.75	0.0	0.0	6.25
His personality.	71	71.0	0.0	0.0	0.0	0.0	0.0	0.0	0.0	0.0	0.0	0.0	0.0	0.0	0.0	21.13	0.0	1.41	9.86	2.82	0.0	5.63	0.0	7.04	0.0	0.0	0.0	0.0	14.08	2.82	2.82	0.0	1.41	0.0	0.0	0.0	1.41	42.25	0.0	0.0	0.0	1.41	1.41	2.82	9.86	0.0	0.0	2.82	4.23	1.41	0.0	7.04	2.82	2.82	0.0	0.0	4.23	1.41	7.04	8.45	12.68	7.04	12.68	0.0	23.94	0.0	0.0	1.41	0.0	2.82	14.08	16.90	0.0	0.0	1.41	0.0	11.27	0.0	0.0	1.41
FOUCHET	9	9.0	11.11	0.0	0.0	0.0	11.11	0.0	0.0	0.0	0.0	0.0	0.0	0.0	0.0	0.0	0.0	11.11	0.0	0.0	0.0	22.22	0.0	0.0	0.0	0.0	0.0	0.0	11.11	0.0	0.0	0.0	11.11	0.0	0.0	0.0	0.0	44.44	0.0	0.0	0.0	0.0	11.11	0.0	0.0	0.0	0.0	0.0	11.11	0.0	0.0	0.0	0.0	0.0	0.0	0.0	0.0	0.0	0.0	0.0	0.0	11.11	11.11	0.0	0.0	0.0	0.0	0.0	0.0	0.0	33.33	0.0	0.0	0.0	0.0	0.0	11.11	0.0	0.0	0.0
MAX	66	66.0	3.03	0.0	0.0	0.0	3.03	0.0	0.0	0.0	0.0	0.0	0.0	0.0	0.0	10.61	3.03	4.55	7.58	0.0	0.0	10.61	0.0	4.55	0.0	0.0	1.52	0.0	10.61	4.55	0.0	1.52	1.52	0.0	0.0	0.0	3.03	43.94	0.0	0.0	0.0	0.0	1.52	6.06	3.03	0.0	0.0	1.52	3.03	0.0	0.0	1.52	0.0	0.0	0.0	0.0	0.0	4.55	7.58	12.12	7.58	13.64	15.15	1.52	7.58	0.0	0.0	4.55	0.0	4.55	15.15	3.03	0.0	0.0	0.0	6.06	15.15	0.0	0.0	1.52
FOUCHET	85	85.0	1.18	0.0	0.0	0.0	1.18	0.0	0.0	0.0	0.0	0.0	0.0	0.0	0.0	11.76	0.0	3.53	8.24	7.06	0.0	5.88	1.18	9.41	8.24	2.35	1.18	0.0	7.06	3.53	0.0	2.35	0.0	0.0	0.0	0.0	0.0	51.76	0.0	0.0	1.18	0.0	1.18	8.24	1.18	0.0	0.0	1.18	7.06	0.0	2.35	0.0	2.35	8.24	0.0	2.35	4.71	2.35	0.0	18.82	4.71	12.94	25.88	2.35	11.76	1.18	0.0	1.18	5.88	0.0	17.65	4.71	5.88	1.18	0.0	7.06	17.65	2.35	0.0	8.24
FOUCHET	28	28.0	0.0	0.0	0.0	0.0	0.0	0.0	0.0	0.0	0.0	0.0	0.0	0.0	0.0	14.29	0.0	0.0	0.0	0.0	0.0	17.86	0.0	3.57	0.0	0.0	0.0	0.0	14.29	3.57	0.0	0.0	0.0	0.0	0.0	0.0	0.0	50.00	0.0	0.0	0.0	7.14	0.0	0.0	10.71	0.0	0.0	3.57	0.0	0.0	0.0	0.0	0.0	0.0	0.0	0.0	0.0	0.0	0.0	3.57	17.86	3.57	3.57	3.57	14.29	0.0	0.0	0.0	0.0	3.57	7.14	14.29	0.0	0.0	0.0	0.0	3.57	0.0	0.0	0.0
and Noah.	15	15.0	0.0	0.0	0.0	0.0	0.0	0.0	0.0	0.0	0.0	0.0	0.0	0.0	0.0	6.67	6.67	6.67	0.0	0.0	0.0	6.67	0.0	6.67	0.0	0.0	0.0	0.0	26.67	0.0	0.0	0.0	0.0	0.0	0.0	0.0	0.0	66.67	0.0	0.0	0.0	0.0	0.0	0.0	13.33	0.0	0.0	13.33	6.67	0.0	0.0	0.0	0.0	0.0	0.0	0.0	0.0	0.0	0.0	26.67	20.00	6.67	33.33	0.0	20.00	0.0	0.0	0.0	0.0	26.67	33.33	20.00	0.0	0.0	0.0	0.0	6.67	0.0	6.67	0.0
and Noah.	
BURNETT	23	23.0	0.0	0.0	0.0	0.0	0.0	0.0	0.0	0.0	0.0	0.0	0.0	0.0	0.0	13.04	0.0	8.70	0.0	0.0	0.0	8.70	0.0	8.70	8.70	8.70	0.0	0.0	8.70	0.0	0.0	0.0	4.35	0.0	0.0	0.0	0.0	52.17	0.0	0.0	0.0	4.35	0.0	0.0	4.35	0.0	0.0	0.0	4.35	0.0	0.0	0.0	0.0	0.0	0.0	0.0	0.0	4.35	0.0	8.70	17.39	8.70	13.04	0.0	21.74	0.0	0.0	4.35	0.0	0.0	8.70	13.04	4.35	0.0	0.0	8.70	13.04	0.0	0.0	8.70
HOWARD	46	46.0	2.17	0.0	0.0	0.0	2.17	0.0	0.0	0.0	0.0	0.0	0.0	0.0	0.0	19.57	2.17	6.52	4.35	0.0	0.0	6.52	0.0	2.17	2.17	2.17	0.0	0.0	10.87	6.52	2.17	0.0	2.17	0.0	0.0	0.0	0.0	47.83	0.0	0.0	2.17	0.0	0.0	4.35	4.35	0.0	0.0	2.17	0.0	0.0	0.0	0.0	0.0	2.17	0.0	6.52	4.35	2.17	2.17	8.70	13.04	4.35	8.70	2.17	15.22	0.0	2.17	0.0	0.0	0.0	4.35	13.04	0.0	2.17	0.0	2.17	8.70	4.35	4.35	0.0
BURNETT	25	25.0	4.00	0.0	0.0	0.0	4.00	0.0	0.0	0.0	0.0	0.0	0.0	0.0	0.0	8.00	0.0	0.0	4.00	0.0	0.0	4.00	0.0	8.00	4.00	4.00	0.0	0.0	4.00	8.00	0.0	0.0	0.0	0.0	0.0	0.0	0.0	52.00	0.0	0.0	0.0	0.0	0.0	0.0	0.0	0.0	0.0	4.00	8.00	0.0	0.0	4.00	8.00	4.00	0.0	0.0	4.00	0.0	0.0	12.00	16.00	12.00	20.00	0.0	24.00	4.00	4.00	0.0	0.0	12.00	12.00	12.00	0.0	0.0	0.0	8.00	16.00	0.0	0.0	0.0
front desk.	61	61.0	0.0	0.0	0.0	0.0	0.0	0.0	0.0	0.0	0.0	0.0	0.0	0.0	0.0	9.84	0.0	3.28	8.20	1.64	0.0	9.84	0.0	6.56	4.92	3.28	0.0	0.0	9.84	0.0	0.0	3.28	0.0	0.0	0.0	0.0	0.0	45.90	1.64	0.0	0.0	0.0	0.0	8.20	3.28	0.0	0.0	1.64	0.0	1.64	3.28	0.0	3.28	8.20	0.0	0.0	1.64	3.28	0.0	19.67	6.56	8.20	19.67	1.64	13.11	0.0	4.92	3.28	1.64	8.20	18.03	9.84	1.64	1.64	0.0	3.28	11.48	0.0	1.64	3.28
resumes.	43	43.0	2.33	0.0	0.0	0.0	2.33	0.0	0.0	0.0	0.0	0.0	0.0	0.0	0.0	2.33	2.33	2.33	4.65	2.33	0.0	4.65	0.0	25.58	0.0	0.0	0.0	4.65	16.28	6.98	0.0	0.0	2.33	0.0	0.0	0.0	0.0	65.12	0.0	0.0	2.33	0.0	4.65	6.98	4.65	0.0	0.0	0.0	9.30	0.0	0.0	0.0	6.98	4.65	0.0	0.0	0.0	2.33	0.0	13.95	0.0	25.58	23.26	9.30	6.98	0.0	0.0	0.0	0.0	2.33	16.28	2.33	0.0	4.65	0.0	4.65	25.58	0.0	0.0	4.65
HOWARD	54	54.0	0.0	0.0	0.0	0.0	0.0	0.0	0.0	0.0	0.0	0.0	0.0	0.0	0.0	14.81	1.85	9.26	3.70	1.85	0.0	3.70	0.0	11.11	0.0	0.0	3.70	1.85	16.67	5.56	0.0	0.0	3.70	0.0	0.0	0.0	0.0	61.11	0.0	0.0	0.0	0.0	7.41	1.85	5.56	0.0	0.0	0.0	12.96	0.0	1.85	3.70	5.56	3.70	0.0	0.0	5.56	0.0	0.0	14.81	9.26	5.56	27.78	0.0	9.26	1.85	1.85	0.0	0.0	3.70	24.07	3.70	1.85	3.70	3.70	1.85	12.96	1.85	1.85	3.70
BACK-UP COPS	25	25.0	0.0	0.0	0.0	0.0	0.0	0.0	0.0	0.0	0.0	0.0	0.0	0.0	0.0	12.00	0.0	4.00	0.0	0.0	0.0	8.00	0.0	8.00	0.0	0.0	0.0	0.0	4.00	0.0	0.0	0.0	0.0	0.0	0.0	0.0	0.0	64.00	0.0	0.0	0.0	4.00	0.0	0.0	0.0	0.0	0.0	4.00	4.00	0.0	0.0	4.00	0.0	0.0	0.0	16.00	0.0	0.0	0.0	12.00	12.00	12.00	16.00	0.0	16.00	0.0	0.0	0.0	0.0	0.0	16.00	8.00	0.0	0.0	0.0	4.00	12.00	4.00	0.0	8.00
BURNETT	35	35.0	0.0	0.0	0.0	0.0	0.0	0.0	0.0	0.0	0.0	0.0	0.0	0.0	0.0	5.71	0.0	8.57	0.0	0.0	0.0	5.71	0.0	20.00	2.86	2.86	0.0	0.0	20.00	2.86	0.0	2.86	5.71	0.0	0.0	0.0	0.0	74.29	0.0	0.0	0.0	2.86	0.0	17.14	0.0	0.0	2.86	8.57	17.14	0.0	0.0	0.0	5.71	0.0	0.0	2.86	8.57	0.0	0.0	20.00	2.86	25.71	37.14	0.0	11.43	0.0	0.0	0.0	0.0	0.0	5.71	5.71	0.0	0.0	0.0	5.71	34.29	0.0	0.0	2.86
JULIE	94	94.0	0.0	0.0	0.0	0.0	0.0	0.0	0.0	0.0	0.0	0.0	0.0	0.0	0.0	12.77	1.06	5.32	11.70	2.13	1.06	1.06	0.0	14.89	0.0	0.0	1.06	0.0	9.57	3.19	2.13	1.06	2.13	0.0	1.06	0.0	1.06	55.32	2.13	0.0	1.06	0.0	0.0	14.89	3.19	0.0	0.0	2.13	5.32	1.06	0.0	2.13	4.26	9.57	0.0	0.0	2.13	3.19	2.13	21.28	7.45	17.02	26.60	4.26	12.77	0.0	6.38	1.06	0.0	4.26	11.70	10.64	0.0	0.0	0.0	0.0	21.28	0.0	0.0	2.13
HOWARD	99	99.0	1.01	0.0	0.0	0.0	0.0	0.0	0.0	0.0	1.01	0.0	0.0	0.0	0.0	11.11	1.01	6.06	14.14	1.01	0.0	6.06	0.0	13.13	1.01	1.01	0.0	0.0	11.11	5.05	0.0	0.0	2.02	0.0	1.01	0.0	0.0	56.57	1.01	0.0	2.02	0.0	0.0	4.04	5.05	0.0	0.0	3.03	2.02	0.0	0.0	4.04	4.04	9.09	0.0	0.0	2.02	3.03	5.05	18.18	12.12	14.14	20.20	0.0	22.22	0.0	8.08	0.0	0.0	9.09	22.22	15.15	1.01	1.01	0.0	3.03	19.19	2.02	1.01	3.03
JULIE	61	61.0	1.64	1.64	0.0	0.0	0.0	0.0	0.0	0.0	0.0	1.64	0.0	0.0	0.0	14.75	0.0	3.28	4.92	1.64	0.0	6.56	1.64	11.48	1.64	0.0	1.64	0.0	13.11	3.28	0.0	3.28	1.64	0.0	0.0	0.0	0.0	63.93	0.0	0.0	0.0	1.64	0.0	16.39	0.0	0.0	3.28	1.64	11.48	1.64	0.0	0.0	1.64	4.92	0.0	1.64	0.0	3.28	0.0	19.67	14.75	18.03	31.15	0.0	9.84	0.0	3.28	3.28	1.64	1.64	4.92	6.56	1.64	1.64	0.0	3.28	18.03	0.0	0.0	1.64
BURNETT	18	18.0	0.0	5.56	0.0	0.0	0.0	0.0	0.0	0.0	0.0	0.0	0.0	0.0	0.0	5.56	5.56	0.0	0.0	0.0	0.0	16.67	0.0	0.0	0.0	0.0	0.0	0.0	11.11	0.0	0.0	0.0	0.0	0.0	0.0	0.0	0.0	38.89	0.0	0.0	0.0	5.56	5.56	5.56	5.56	0.0	0.0	5.56	0.0	0.0	0.0	0.0	0.0	0.0	0.0	0.0	5.56	0.0	0.0	11.11	11.11	0.0	11.11	0.0	5.56	0.0	0.0	0.0	0.0	0.0	22.22	0.0	0.0	0.0	0.0	5.56	5.56	0.0	0.0	5.56
BURNETT	
BURNETT	49	49.0	0.0	0.0	0.0	0.0	0.0	0.0	0.0	0.0	0.0	0.0	0.0	0.0	0.0	14.29	0.0	6.12	6.12	0.0	0.0	2.04	2.04	8.16	2.04	2.04	0.0	4.08	20.41	2.04	0.0	0.0	0.0	0.0	0.0	0.0	0.0	48.98	0.0	0.0	0.0	0.0	0.0	10.20	6.12	0.0	0.0	10.20	2.04	0.0	0.0	0.0	2.04	4.08	0.0	0.0	2.04	0.0	2.04	24.49	12.24	16.33	26.53	0.0	16.33	0.0	0.0	0.0	0.0	6.12	14.29	6.12	0.0	2.04	0.0	6.12	20.41	4.08	0.0	4.08
BURNETT	62	62.0	0.0	0.0	0.0	0.0	0.0	0.0	0.0	0.0	0.0	0.0	0.0	0.0	0.0	12.90	0.0	4.84	6.45	0.0	0.0	6.45	3.23	8.06	3.23	3.23	0.0	0.0	12.90	6.45	0.0	1.61	1.61	0.0	1.61	0.0	0.0	64.52	0.0	0.0	0.0	1.61	1.61	4.84	6.45	0.0	0.0	3.23	12.90	0.0	0.0	3.23	1.61	1.61	0.0	0.0	1.61	1.61	4.84	19.35	12.90	11.29	32.26	1.61	12.90	0.0	1.61	0.0	0.0	11.29	16.13	6.45	0.0	0.0	0.0	3.23	12.90	0.0	0.0	3.23
BURNETT	36	36.0	2.78	0.0	0.0	0.0	0.0	0.0	0.0	0.0	2.78	0.0	0.0	0.0	0.0	8.33	0.0	5.56	2.78	0.0	0.0	11.11	0.0	2.78	0.0	0.0	0.0	0.0	8.33	2.78	0.0	0.0	0.0	0.0	2.78	0.0	0.0	50.00	0.0	0.0	0.0	2.78	0.0	0.0	8.33	0.0	0.0	0.0	0.0	0.0	0.0	2.78	0.0	0.0	0.0	2.78	2.78	2.78	2.78	11.11	11.11	2.78	11.11	2.78	16.67	0.0	0.0	0.0	0.0	5.56	11.11	11.11	0.0	0.0	0.0	2.78	5.56	2.78	0.0	2.78
BURNETT	31	31.0	0.0	0.0	0.0	0.0	0.0	0.0	0.0	0.0	0.0	0.0	0.0	0.0	0.0	9.68	0.0	6.45	6.45	6.45	0.0	12.90	0.0	6.45	6.45	3.23	0.0	0.0	0.0	3.23	0.0	0.0	0.0	0.0	0.0	0.0	0.0	54.84	0.0	0.0	0.0	0.0	0.0	3.23	0.0	0.0	0.0	0.0	3.23	0.0	0.0	3.23	0.0	6.45	0.0	3.23	0.0	3.23	0.0	9.68	12.90	16.13	12.90	0.0	22.58	0.0	0.0	3.23	3.23	3.23	6.45	19.35	3.23	0.0	0.0	0.0	19.35	3.23	0.0	0.0
BURNETT	37	37.0	0.0	0.0	0.0	0.0	0.0	0.0	0.0	0.0	0.0	0.0	0.0	0.0	0.0	5.41	0.0	8.11	5.41	2.70	0.0	8.11	0.0	8.11	2.70	2.70	0.0	0.0	10.81	5.41	0.0	5.41	2.70	0.0	0.0	0.0	0.0	56.76	2.70	0.0	0.0	0.0	2.70	2.70	0.0	0.0	0.0	2.70	2.70	0.0	2.70	2.70	0.0	2.70	0.0	0.0	10.81	5.41	2.70	18.92	8.11	2.70	21.62	0.0	18.92	0.0	0.0	5.41	0.0	2.70	21.62	8.11	2.70	5.41	5.41	8.11	16.22	0.0	0.0	8.11
JULIE	40	40.0	0.0	0.0	0.0	0.0	0.0	0.0	0.0	0.0	0.0	0.0	0.0	0.0	0.0	22.50	0.0	5.00	7.50	2.50	0.0	0.0	2.50	12.50	2.50	2.50	0.0	2.50	22.50	2.50	0.0	0.0	5.00	0.0	2.50	0.0	0.0	60.00	0.0	0.0	2.50	0.0	0.0	15.00	5.00	0.0	2.50	5.00	2.50	0.0	0.0	5.00	7.50	5.00	0.0	2.50	5.00	5.00	2.50	25.00	5.00	12.50	27.50	2.50	12.50	0.0	0.0	0.0	0.0	0.0	17.50	5.00	0.0	2.50	2.50	0.0	17.50	2.50	0.0	5.00
BURNETT	2	2.0	0.0	0.0	0.0	0.0	0.0	0.0	0.0	0.0	0.0	0.0	0.0	0.0	0.0	0.0	0.0	50.00	0.0	0.0	0.0	0.0	0.0	0.0	0.0	0.0	0.0	0.0	50.00	0.0	0.0	0.0	0.0	0.0	0.0	0.0	0.0	50.00	0.0	0.0	0.0	0.0	0.0	0.0	0.0	0.0	50.00	0.0	0.0	0.0	0.0	0.0	0.0	0.0	0.0	0.0	0.0	0.0	0.0	0.0	0.0	50.00	0.0	0.0	0.0	0.0	0.0	0.0	0.0	0.0	0.0	0.0	0.0	0.0	0.0	0.0	50.00	0.0	0.0	0.0
CHET	16	16.0	0.0	0.0	0.0	0.0	0.0	0.0	0.0	0.0	0.0	0.0	0.0	0.0	0.0	25.00	0.0	0.0	6.25	0.0	0.0	6.25	0.0	12.50	0.0	0.0	6.25	0.0	18.75	0.0	0.0	6.25	0.0	0.0	0.0	0.0	0.0	43.75	0.0	0.0	0.0	0.0	6.25	12.50	6.25	0.0	0.0	0.0	0.0	0.0	0.0	0.0	0.0	6.25	0.0	0.0	6.25	0.0	0.0	18.75	6.25	12.50	18.75	0.0	25.00	0.0	6.25	0.0	0.0	6.25	18.75	18.75	0.0	0.0	0.0	6.25	25.00	0.0	0.0	0.0
CHET	69	69.0	0.0	0.0	0.0	0.0	0.0	0.0	0.0	0.0	0.0	0.0	0.0	0.0	0.0	15.94	0.0	4.35	2.90	0.0	0.0	4.35	0.0	4.35	2.90	2.90	2.90	0.0	10.14	2.90	0.0	0.0	2.90	0.0	1.45	0.0	0.0	50.72	0.0	0.0	2.90	0.0	5.80	1.45	1.45	0.0	1.45	1.45	7.25	0.0	1.45	4.35	2.90	1.45	0.0	2.90	2.90	5.80	1.45	10.14	11.59	7.25	17.39	4.35	14.49	0.0	1.45	1.45	0.0	5.80	20.29	8.70	0.0	0.0	0.0	1.45	10.14	0.0	1.45	2.90
BURNETT	65	65.0	0.0	0.0	0.0	0.0	0.0	0.0	0.0	0.0	0.0	0.0	0.0	0.0	0.0	12.31	0.0	1.54	9.23	0.0	0.0	9.23	0.0	4.62	1.54	0.0	1.54	1.54	12.31	4.62	0.0	0.0	3.08	0.0	0.0	0.0	0.0	46.15	0.0	1.54	0.0	0.0	0.0	6.15	3.08	0.0	3.08	0.0	4.62	1.54	3.08	3.08	0.0	3.08	1.54	1.54	7.69	1.54	6.15	9.23	9.23	1.54	13.85	1.54	16.92	0.0	1.54	1.54	0.0	0.0	6.15	12.31	0.0	1.54	0.0	1.54	9.23	0.0	3.08	3.08
BURNETT	40	40.0	5.00	0.0	0.0	0.0	5.00	0.0	0.0	0.0	0.0	0.0	0.0	0.0	0.0	5.00	0.0	2.50	2.50	2.50	0.0	2.50	0.0	17.50	2.50	0.0	0.0	5.00	17.50	7.50	0.0	5.00	2.50	2.50	0.0	0.0	0.0	70.00	7.50	2.50	5.00	0.0	0.0	17.50	7.50	0.0	0.0	2.50	2.50	0.0	2.50	2.50	2.50	2.50	0.0	2.50	0.0	5.00	0.0	35.00	5.00	15.00	37.50	0.0	7.50	0.0	0.0	0.0	0.0	0.0	27.50	2.50	0.0	2.50	0.0	2.50	25.00	2.50	0.0	15.00
BURNETT	94	94.0	0.0	0.0	0.0	0.0	0.0	0.0	0.0	0.0	0.0	0.0	0.0	0.0	0.0	8.51	1.06	7.45	3.19	1.06	0.0	11.70	2.13	14.89	4.26	4.26	0.0	0.0	18.09	3.19	0.0	3.19	5.32	0.0	0.0	0.0	0.0	61.70	2.13	0.0	1.06	3.19	2.13	8.51	3.19	0.0	3.19	4.26	1.06	0.0	0.0	1.06	1.06	1.06	0.0	0.0	3.19	4.26	2.13	19.15	11.70	13.83	20.21	1.06	13.83	0.0	0.0	3.19	0.0	2.13	13.83	8.51	1.06	1.06	2.13	3.19	23.40	0.0	2.13	6.38
apologetically --	7	7.0	14.29	14.29	0.0	0.0	14.29	0.0	0.0	0.0	0.0	0.0	0.0	0.0	0.0	0.0	0.0	0.0	0.0	0.0	0.0	0.0	0.0	14.29	0.0	0.0	0.0	0.0	0.0	0.0	0.0	0.0	0.0	0.0	0.0	0.0	0.0	42.86	0.0	0.0	0.0	0.0	14.29	14.29	0.0	0.0	0.0	0.0	0.0	0.0	0.0	0.0	14.29	0.0	0.0	0.0	0.0	0.0	0.0	28.57	0.0	14.29	28.57	0.0	0.0	0.0	0.0	0.0	0.0	0.0	28.57	0.0	0.0	0.0	0.0	0.0	14.29	0.0	0.0	14.29
BURNETT	52	52.0	9.62	1.92	0.0	0.0	9.62	0.0	0.0	0.0	0.0	0.0	0.0	0.0	0.0	11.54	1.92	5.77	1.92	0.0	0.0	5.77	0.0	3.85	1.92	1.92	0.0	0.0	5.77	3.85	0.0	0.0	1.92	0.0	1.92	0.0	0.0	53.85	0.0	0.0	1.92	1.92	1.92	5.77	3.85	0.0	0.0	0.0	5.77	0.0	0.0	0.0	5.77	1.92	0.0	0.0	5.77	5.77	0.0	15.38	13.46	5.77	21.15	0.0	9.62	0.0	1.92	1.92	0.0	5.77	13.46	9.62	0.0	0.0	0.0	0.0	11.54	0.0	3.85	3.85
BURNETT	143	143.0	0.0	0.0	0.0	0.0	0.0	0.0	0.0	0.0	0.0	0.0	0.0	0.0	0.0	9.09	2.80	4.90	9.09	1.40	0.70	7.69	0.0	10.49	1.40	1.40	0.0	2.10	16.08	4.90	0.0	0.0	2.80	0.0	0.70	0.0	0.0	61.54	2.80	0.0	0.70	0.70	0.70	5.59	6.99	0.0	0.70	0.70	4.90	2.80	0.0	1.40	2.80	7.69	0.0	0.70	4.90	2.10	1.40	17.48	13.99	10.49	22.38	2.80	12.59	0.0	4.20	0.70	0.0	10.49	17.48	10.49	1.40	2.80	0.0	0.0	18.88	0.70	0.70	0.70
THERESA	124	124.0	0.81	0.0	0.0	0.0	0.81	0.0	0.0	0.0	0.0	0.0	0.0	0.0	0.0	17.74	0.81	3.23	7.26	0.0	0.0	5.65	1.61	12.10	0.81	0.0	0.81	2.42	15.32	4.03	0.0	2.42	4.03	0.81	0.81	0.0	1.61	62.90	2.42	0.81	0.0	2.42	1.61	12.90	3.23	0.0	0.81	1.61	4.84	0.81	0.81	4.03	6.45	2.42	0.0	1.61	3.23	2.42	4.84	20.97	11.29	12.10	25.81	2.42	14.52	0.0	2.42	0.81	0.0	2.42	13.71	6.45	0.0	3.23	1.61	2.42	17.74	0.81	1.61	3.23
BURNETT	158	158.0	1.27	0.63	0.0	0.0	1.27	0.0	0.0	0.0	0.0	0.0	0.0	0.0	0.0	11.39	0.63	3.80	4.43	0.0	0.0	10.76	0.0	6.33	1.90	1.90	0.63	0.0	12.03	4.43	0.0	0.63	1.90	0.0	0.0	0.0	0.0	52.53	0.63	0.0	0.0	1.90	0.63	1.27	4.43	0.0	1.90	1.27	4.43	0.0	0.0	4.43	1.90	3.80	0.0	0.0	3.80	0.0	0.63	10.13	15.82	6.96	14.56	0.0	22.78	0.0	3.80	0.0	0.0	5.70	10.13	13.29	0.0	1.90	0.0	3.16	12.03	0.0	0.0	3.16
ON FOUCHET	59	59.0	0.0	0.0	0.0	0.0	0.0	0.0	1.69	0.0	0.0	0.0	0.0	0.0	0.0	18.64	0.0	1.69	3.39	1.69	0.0	5.08	1.69	13.56	5.08	0.0	1.69	0.0	10.17	1.69	0.0	1.69	0.0	0.0	0.0	0.0	0.0	62.71	1.69	0.0	0.0	1.69	0.0	3.39	5.08	3.39	0.0	1.69	10.17	1.69	1.69	0.0	1.69	1.69	0.0	1.69	1.69	0.0	1.69	16.95	13.56	11.86	27.12	3.39	6.78	0.0	0.0	0.0	1.69	5.08	15.25	3.39	1.69	0.0	0.0	3.39	15.25	5.08	1.69	3.39
ELLIOT	35	35.0	0.0	0.0	0.0	0.0	0.0	0.0	0.0	0.0	0.0	0.0	0.0	0.0	0.0	14.29	2.86	17.14	2.86	2.86	0.0	2.86	2.86	8.57	11.43	2.86	2.86	2.86	14.29	0.0	0.0	0.0	2.86	0.0	0.0	0.0	0.0	60.00	0.0	0.0	2.86	0.0	0.0	0.0	5.71	5.71	0.0	0.0	5.71	2.86	0.0	0.0	2.86	2.86	0.0	0.0	2.86	2.86	0.0	14.29	11.43	17.14	20.00	2.86	17.14	0.0	0.0	0.0	5.71	0.0	17.14	11.43	5.71	0.0	0.0	5.71	20.00	8.57	0.0	5.71
YAPPING.	18	18.0	0.0	0.0	0.0	0.0	0.0	0.0	0.0	0.0	0.0	0.0	0.0	0.0	0.0	11.11	0.0	5.56	0.0	0.0	0.0	0.0	0.0	0.0	5.56	5.56	0.0	0.0	11.11	5.56	0.0	0.0	0.0	0.0	0.0	0.0	0.0	55.56	0.0	0.0	0.0	5.56	0.0	5.56	11.11	0.0	0.0	0.0	0.0	0.0	0.0	5.56	0.0	0.0	0.0	0.0	0.0	0.0	0.0	22.22	22.22	0.0	22.22	0.0	38.89	0.0	0.0	0.0	0.0	11.11	16.67	27.78	0.0	0.0	0.0	5.56	0.0	0.0	0.0	5.56
BURNETT	35	35.0	0.0	0.0	0.0	0.0	0.0	0.0	0.0	0.0	0.0	0.0	0.0	0.0	0.0	11.43	0.0	2.86	2.86	0.0	0.0	8.57	2.86	8.57	2.86	2.86	0.0	0.0	2.86	0.0	0.0	0.0	0.0	0.0	0.0	0.0	0.0	51.43	0.0	0.0	0.0	0.0	0.0	5.71	2.86	0.0	0.0	0.0	8.57	0.0	0.0	5.71	0.0	0.0	0.0	0.0	0.0	0.0	2.86	17.14	8.57	11.43	25.71	2.86	17.14	0.0	0.0	0.0	0.0	2.86	11.43	8.57	0.0	0.0	0.0	2.86	11.43	0.0	0.0	8.57
JULIE	84	84.0	1.19	0.0	0.0	0.0	0.0	0.0	0.0	0.0	1.19	0.0	0.0	0.0	0.0	10.71	1.19	10.71	7.14	2.38	0.0	8.33	0.0	8.33	1.19	1.19	0.0	1.19	9.52	2.38	2.38	0.0	0.0	0.0	1.19	0.0	0.0	58.33	0.0	0.0	0.0	0.0	1.19	1.19	3.57	0.0	0.0	3.57	7.14	1.19	0.0	2.38	1.19	2.38	0.0	0.0	2.38	2.38	4.76	11.90	15.48	7.14	19.05	2.38	9.52	0.0	0.0	1.19	0.0	2.38	14.29	4.76	0.0	1.19	0.0	2.38	9.52	3.57	0.0	4.76
JULIE	
BURNETT	134	134.0	0.75	0.75	0.0	0.0	0.0	0.0	0.0	0.0	0.0	0.75	0.0	0.0	0.0	9.70	0.0	5.97	4.48	0.75	0.0	8.96	0.75	8.21	2.24	1.49	0.0	5.22	15.67	3.73	0.0	0.75	0.75	0.0	0.0	0.0	1.49	61.94	1.49	0.75	0.75	1.49	3.73	8.96	5.22	0.0	0.0	2.99	7.46	0.0	0.0	0.0	1.49	2.24	0.75	1.49	2.24	5.22	2.24	15.67	13.43	13.43	23.13	3.73	11.19	0.75	0.75	4.48	0.0	3.73	13.43	8.21	0.75	1.49	1.49	2.99	17.16	1.49	0.75	0.0
BURNETT	44	44.0	2.27	2.27	0.0	0.0	0.0	0.0	0.0	0.0	2.27	0.0	0.0	0.0	0.0	4.55	0.0	6.82	4.55	0.0	0.0	4.55	0.0	11.36	2.27	0.0	2.27	0.0	9.09	4.55	0.0	0.0	0.0	0.0	0.0	0.0	0.0	65.91	0.0	2.27	0.0	2.27	2.27	11.36	0.0	0.0	2.27	4.55	15.91	0.0	2.27	2.27	2.27	0.0	0.0	0.0	2.27	2.27	4.55	18.18	13.64	18.18	34.09	2.27	13.64	0.0	0.0	2.27	0.0	0.0	9.09	6.82	0.0	0.0	2.27	4.55	20.45	0.0	0.0	4.55
BURNETT	56	56.0	0.0	0.0	0.0	0.0	0.0	0.0	0.0	0.0	0.0	0.0	0.0	0.0	0.0	14.29	0.0	5.36	3.57	0.0	0.0	12.50	0.0	12.50	3.57	1.79	0.0	0.0	19.64	5.36	0.0	1.79	1.79	0.0	1.79	0.0	0.0	66.07	0.0	1.79	1.79	0.0	0.0	3.57	7.14	0.0	0.0	3.57	8.93	0.0	0.0	0.0	3.57	1.79	0.0	0.0	8.93	3.57	1.79	8.93	7.14	8.93	17.86	5.36	5.36	0.0	1.79	0.0	0.0	0.0	12.50	0.0	0.0	1.79	0.0	1.79	19.64	5.36	0.0	0.0
JULIE	45	45.0	0.0	0.0	0.0	0.0	0.0	0.0	0.0	0.0	0.0	0.0	0.0	0.0	0.0	8.89	0.0	4.44	4.44	2.22	0.0	4.44	0.0	8.89	13.33	6.67	0.0	0.0	13.33	4.44	2.22	0.0	2.22	0.0	0.0	0.0	0.0	66.67	0.0	2.22	0.0	0.0	0.0	0.0	8.89	4.44	0.0	0.0	20.00	0.0	0.0	0.0	0.0	2.22	0.0	0.0	6.67	0.0	2.22	13.33	13.33	6.67	33.33	4.44	11.11	0.0	0.0	0.0	0.0	2.22	13.33	6.67	0.0	2.22	0.0	4.44	13.33	0.0	0.0	11.11
JULIE	18	18.0	0.0	5.56	0.0	0.0	0.0	0.0	0.0	0.0	0.0	0.0	0.0	0.0	0.0	11.11	0.0	5.56	11.11	0.0	0.0	0.0	0.0	16.67	0.0	0.0	0.0	11.11	22.22	0.0	0.0	0.0	0.0	0.0	0.0	0.0	0.0	66.67	0.0	0.0	0.0	0.0	0.0	0.0	0.0	0.0	11.11	0.0	27.78	0.0	0.0	5.56	0.0	0.0	0.0	5.56	0.0	0.0	11.11	22.22	5.56	27.78	50.00	0.0	11.11	0.0	0.0	0.0	0.0	16.67	22.22	0.0	0.0	0.0	0.0	5.56	27.78	0.0	0.0	5.56
LOWREY	5	5.0	0.0	0.0	0.0	0.0	0.0	0.0	0.0	0.0	0.0	0.0	0.0	0.0	0.0	20.00	0.0	0.0	40.00	0.0	0.0	0.0	0.0	20.00	0.0	0.0	0.0	0.0	0.0	0.0	0.0	0.0	0.0	0.0	0.0	0.0	0.0	40.00	0.0	0.0	0.0	0.0	0.0	0.0	0.0	0.0	0.0	0.0	40.00	0.0	0.0	0.0	0.0	20.00	0.0	0.0	0.0	0.0	20.00	0.0	0.0	20.00	40.00	0.0	20.00	0.0	20.00	0.0	0.0	0.0	20.00	20.00	0.0	0.0	0.0	0.0	20.00	0.0	0.0	0.0
MEGAN	26	26.0	3.85	0.0	0.0	0.0	3.85	0.0	0.0	0.0	0.0	0.0	0.0	0.0	0.0	7.69	0.0	3.85	3.85	0.0	0.0	3.85	0.0	3.85	3.85	3.85	0.0	0.0	7.69	3.85	0.0	0.0	3.85	3.85	0.0	0.0	0.0	42.31	0.0	0.0	0.0	0.0	0.0	3.85	0.0	0.0	0.0	3.85	0.0	7.69	0.0	7.69	0.0	3.85	0.0	0.0	0.0	7.69	0.0	11.54	15.38	11.54	11.54	0.0	26.92	0.0	3.85	7.69	0.0	7.69	11.54	15.38	0.0	0.0	0.0	3.85	11.54	0.0	3.85	0.0
BURNETT	77	77.0	0.0	0.0	0.0	0.0	0.0	0.0	0.0	0.0	0.0	0.0	0.0	0.0	0.0	14.29	1.30	3.90	5.19	1.30	0.0	7.79	0.0	5.19	6.49	6.49	2.60	1.30	15.58	2.60	0.0	0.0	1.30	0.0	1.30	0.0	0.0	53.25	0.0	0.0	0.0	3.90	0.0	2.60	5.19	0.0	0.0	2.60	9.09	1.30	0.0	2.60	1.30	1.30	1.30	0.0	2.60	1.30	3.90	11.69	12.99	9.09	20.78	1.30	11.69	0.0	0.0	0.0	0.0	5.19	9.09	6.49	1.30	1.30	0.0	2.60	11.69	0.0	5.19	3.90
JULIE	47	47.0	0.0	0.0	0.0	0.0	0.0	0.0	0.0	0.0	0.0	0.0	0.0	0.0	0.0	12.77	0.0	2.13	6.38	0.0	0.0	2.13	0.0	8.51	6.38	6.38	0.0	0.0	10.64	2.13	0.0	2.13	2.13	0.0	0.0	0.0	0.0	53.19	0.0	0.0	2.13	0.0	0.0	14.89	0.0	0.0	0.0	0.0	2.13	0.0	0.0	6.38	4.26	2.13	0.0	0.0	2.13	2.13	4.26	14.89	17.02	17.02	17.02	4.26	17.02	0.0	0.0	0.0	0.0	0.0	2.13	6.38	0.0	6.38	0.0	4.26	19.15	0.0	0.0	0.0
JULIE	48	48.0	0.0	0.0	0.0	0.0	0.0	0.0	0.0	0.0	0.0	0.0	0.0	0.0	0.0	12.50	0.0	2.08	6.25	0.0	4.17	6.25	2.08	6.25	2.08	0.0	0.0	2.08	14.58	4.17	0.0	4.17	2.08	0.0	4.17	0.0	0.0	56.25	2.08	0.0	0.0	0.0	0.0	12.50	2.08	2.08	0.0	0.0	8.33	0.0	2.08	0.0	0.0	4.17	0.0	0.0	2.08	4.17	2.08	16.67	10.42	10.42	25.00	8.33	10.42	0.0	0.0	0.0	0.0	0.0	6.25	8.33	0.0	6.25	0.0	2.08	14.58	0.0	2.08	4.17
bedtime story.	49	49.0	4.08	0.0	0.0	0.0	2.04	0.0	0.0	0.0	0.0	2.04	0.0	0.0	0.0	8.16	0.0	6.12	4.08	0.0	2.04	4.08	0.0	8.16	0.0	0.0	0.0	2.04	12.24	8.16	0.0	0.0	0.0	6.12	0.0	0.0	0.0	55.10	0.0	0.0	0.0	2.04	0.0	10.20	8.16	0.0	0.0	2.04	4.08	0.0	0.0	4.08	0.0	4.08	0.0	0.0	2.04	0.0	0.0	18.37	14.29	12.24	22.45	0.0	24.49	0.0	2.04	0.0	0.0	0.0	14.29	14.29	0.0	0.0	2.04	6.12	14.29	2.04	0.0	4.08
THERESA	57	57.0	1.75	0.0	0.0	0.0	1.75	0.0	0.0	0.0	0.0	0.0	0.0	0.0	0.0	12.28	0.0	3.51	8.77	0.0	0.0	12.28	1.75	1.75	5.26	3.51	0.0	0.0	14.04	3.51	0.0	1.75	5.26	1.75	1.75	0.0	0.0	43.86	1.75	0.0	5.26	1.75	5.26	3.51	3.51	0.0	0.0	1.75	0.0	0.0	0.0	0.0	0.0	3.51	0.0	0.0	0.0	8.77	5.26	10.53	14.04	7.02	10.53	1.75	10.53	0.0	3.51	1.75	1.75	3.51	21.05	8.77	0.0	0.0	0.0	1.75	8.77	1.75	0.0	1.75
LOWREY	8	8.0	0.0	0.0	0.0	0.0	0.0	0.0	0.0	0.0	0.0	0.0	0.0	0.0	0.0	0.0	0.0	0.0	0.0	0.0	0.0	0.0	0.0	0.0	0.0	0.0	0.0	0.0	12.50	12.50	0.0	0.0	0.0	12.50	0.0	0.0	0.0	12.50	0.0	0.0	0.0	0.0	0.0	0.0	12.50	0.0	0.0	0.0	0.0	0.0	0.0	0.0	0.0	0.0	0.0	0.0	0.0	0.0	0.0	0.0	0.0	0.0	0.0	0.0	0.0	0.0	0.0	0.0	0.0	0.0	12.50	0.0	0.0	0.0	0.0	0.0	0.0	0.0	0.0	0.0
THERESA	32	32.0	0.0	0.0	0.0	0.0	0.0	0.0	0.0	0.0	0.0	0.0	0.0	0.0	0.0	12.50	3.12	0.0	6.25	3.12	0.0	0.0	0.0	18.75	6.25	0.0	0.0	3.12	12.50	9.38	0.0	6.25	6.25	9.38	0.0	0.0	0.0	68.75	0.0	3.12	0.0	3.12	0.0	28.12	3.12	3.12	0.0	0.0	6.25	3.12	0.0	3.12	3.12	6.25	0.0	3.12	6.25	0.0	0.0	37.50	0.0	6.25	43.75	0.0	12.50	0.0	3.12	0.0	0.0	3.12	18.75	3.12	0.0	6.25	0.0	6.25	21.88	0.0	3.12	6.25
LOWREY	134	134.0	0.0	0.0	0.0	0.0	0.0	0.0	0.0	0.0	0.0	0.0	0.0	0.0	0.0	17.16	1.49	2.99	6.72	0.75	0.0	8.21	0.0	9.70	0.75	0.0	2.24	2.24	23.13	6.72	1.49	2.99	2.24	3.73	1.49	0.0	0.0	55.97	0.75	0.75	0.75	0.75	2.24	3.73	5.22	0.0	1.49	3.73	5.22	0.0	0.75	0.0	2.24	2.99	0.0	1.49	0.75	2.24	2.99	14.18	9.70	14.93	19.40	4.48	9.70	0.0	2.24	0.0	0.0	4.48	20.15	2.99	0.75	2.99	0.75	6.72	16.42	2.24	0.75	2.99
the wreck.	5	5.0	0.0	0.0	0.0	0.0	0.0	0.0	0.0	0.0	0.0	0.0	0.0	0.0	0.0	40.00	0.0	0.0	20.00	0.0	0.0	0.0	0.0	0.0	0.0	0.0	0.0	0.0	20.00	0.0	0.0	0.0	0.0	0.0	0.0	0.0	0.0	0.0	0.0	0.0	0.0	0.0	0.0	0.0	0.0	0.0	0.0	20.00	0.0	0.0	0.0	0.0	0.0	20.00	0.0	0.0	0.0	0.0	0.0	0.0	0.0	20.00	0.0	0.0	20.00	0.0	20.00	0.0	0.0	0.0	0.0	20.00	0.0	0.0	0.0	0.0	20.00	0.0	0.0	0.0
LOWREY	32	32.0	0.0	0.0	0.0	0.0	0.0	0.0	0.0	0.0	0.0	0.0	0.0	0.0	0.0	15.62	0.0	0.0	9.38	3.12	0.0	6.25	0.0	9.38	0.0	0.0	0.0	0.0	12.50	0.0	0.0	3.12	0.0	0.0	0.0	0.0	0.0	59.38	3.12	0.0	0.0	0.0	0.0	0.0	6.25	0.0	0.0	3.12	6.25	0.0	0.0	12.50	3.12	6.25	0.0	3.12	3.12	0.0	3.12	12.50	21.88	9.38	18.75	3.12	28.12	0.0	3.12	0.0	0.0	3.12	12.50	12.50	3.12	0.0	0.0	0.0	15.62	0.0	0.0	9.38
LOWREY	46	46.0	0.0	0.0	0.0	0.0	0.0	0.0	0.0	0.0	0.0	0.0	0.0	0.0	0.0	10.87	0.0	4.35	8.70	6.52	2.17	4.35	0.0	10.87	4.35	2.17	0.0	0.0	10.87	4.35	0.0	0.0	0.0	2.17	0.0	0.0	0.0	69.57	0.0	0.0	0.0	0.0	0.0	4.35	8.70	0.0	0.0	2.17	10.87	0.0	0.0	0.0	2.17	8.70	0.0	2.17	0.0	0.0	0.0	19.57	15.22	17.39	30.43	0.0	13.04	0.0	0.0	0.0	2.17	0.0	21.74	8.70	6.52	0.0	0.0	4.35	17.39	8.70	0.0	6.52
LOWREY	44	44.0	0.0	0.0	0.0	0.0	0.0	0.0	0.0	0.0	0.0	0.0	0.0	0.0	0.0	11.36	4.55	0.0	22.73	6.82	2.27	6.82	0.0	9.09	4.55	0.0	2.27	4.55	15.91	0.0	0.0	0.0	0.0	2.27	0.0	0.0	0.0	56.82	0.0	0.0	0.0	0.0	0.0	0.0	2.27	0.0	2.27	2.27	20.45	0.0	4.55	0.0	0.0	13.64	0.0	2.27	0.0	2.27	9.09	15.91	0.0	18.18	36.36	4.55	4.55	0.0	2.27	2.27	4.55	2.27	20.45	4.55	6.82	0.0	4.55	0.0	18.18	4.55	2.27	4.55
BURNETT	104	104.0	0.0	0.0	0.0	0.0	0.0	0.0	0.0	0.0	0.0	0.0	0.0	0.0	0.0	8.65	0.96	8.65	4.81	0.96	0.0	12.50	0.0	1.92	1.92	1.92	0.0	0.0	16.35	8.65	0.0	0.0	2.88	0.0	0.96	0.0	0.0	47.12	0.0	0.0	1.92	1.92	0.0	0.96	9.62	0.0	0.0	0.96	2.88	0.0	0.0	3.85	0.0	3.85	0.96	0.96	0.96	3.85	0.96	3.85	8.65	4.81	6.73	1.92	21.15	0.0	2.88	1.92	0.0	0.0	2.88	13.46	0.0	2.88	1.92	3.85	5.77	0.0	0.0	0.96
BURNETT	
CHET	15	15.0	0.0	13.33	0.0	0.0	0.0	0.0	0.0	0.0	0.0	0.0	0.0	0.0	0.0	13.33	0.0	0.0	20.00	0.0	0.0	6.67	0.0	0.0	0.0	0.0	0.0	0.0	6.67	6.67	0.0	0.0	0.0	0.0	6.67	0.0	0.0	26.67	0.0	0.0	0.0	0.0	13.33	0.0	6.67	0.0	0.0	0.0	0.0	0.0	0.0	0.0	0.0	20.00	0.0	0.0	0.0	6.67	0.0	6.67	6.67	0.0	6.67	0.0	26.67	0.0	20.00	0.0	0.0	6.67	20.00	26.67	0.0	0.0	0.0	0.0	0.0	0.0	0.0	0.0
BURNETT	106	106.0	1.89	0.0	0.0	0.0	0.94	0.0	0.0	0.0	0.94	0.0	0.0	0.0	0.0	13.21	0.0	3.77	5.66	0.0	0.0	9.43	0.94	10.38	0.0	0.0	0.0	1.89	11.32	1.89	0.0	0.94	1.89	0.0	0.94	0.0	0.94	60.38	1.89	0.0	0.94	0.94	0.94	10.38	4.72	0.0	0.0	2.83	3.77	2.83	0.0	3.77	0.0	1.89	0.0	0.0	3.77	2.83	3.77	19.81	16.04	4.72	23.58	0.94	14.15	0.0	1.89	0.94	0.0	1.89	14.15	7.55	0.0	0.94	0.94	2.83	13.21	1.89	0.0	4.72
BURNETT	70	70.0	2.86	0.0	0.0	0.0	1.43	0.0	0.0	0.0	1.43	0.0	0.0	0.0	0.0	8.57	0.0	5.71	4.29	0.0	0.0	12.86	0.0	5.71	1.43	1.43	1.43	0.0	12.86	4.29	0.0	0.0	2.86	1.43	0.0	0.0	0.0	64.29	0.0	0.0	1.43	4.29	0.0	2.86	8.57	0.0	0.0	0.0	4.29	1.43	1.43	2.86	2.86	2.86	0.0	1.43	1.43	1.43	1.43	15.71	17.14	10.00	20.00	2.86	21.43	0.0	2.86	0.0	0.0	11.43	15.71	17.14	0.0	0.0	1.43	1.43	11.43	0.0	0.0	0.0
heels enters.	36	36.0	2.78	0.0	0.0	0.0	2.78	0.0	0.0	0.0	0.0	0.0	0.0	0.0	0.0	13.89	0.0	5.56	5.56	2.78	0.0	13.89	0.0	5.56	5.56	5.56	0.0	0.0	11.11	2.78	0.0	0.0	2.78	0.0	2.78	0.0	0.0	50.00	0.0	0.0	0.0	2.78	8.33	5.56	2.78	0.0	2.78	2.78	2.78	0.0	0.0	0.0	0.0	2.78	0.0	0.0	0.0	2.78	2.78	13.89	11.11	5.56	16.67	0.0	16.67	0.0	0.0	0.0	2.78	8.33	16.67	13.89	0.0	0.0	0.0	2.78	5.56	0.0	0.0	0.0
WOMAN	46	46.0	0.0	0.0	0.0	0.0	0.0	0.0	0.0	0.0	0.0	0.0	0.0	0.0	0.0	15.22	2.17	6.52	4.35	2.17	0.0	8.70	0.0	10.87	0.0	0.0	2.17	0.0	13.04	6.52	0.0	2.17	2.17	0.0	0.0	0.0	0.0	58.70	2.17	0.0	0.0	4.35	2.17	2.17	2.17	0.0	0.0	0.0	6.52	0.0	0.0	0.0	0.0	4.35	0.0	2.17	2.17	0.0	0.0	15.22	6.52	8.70	21.74	0.0	15.22	2.17	2.17	0.0	0.0	4.35	21.74	4.35	2.17	2.17	0.0	10.87	13.04	0.0	0.0	8.70
WOMAN	52	52.0	1.92	3.85	0.0	0.0	1.92	0.0	0.0	0.0	0.0	0.0	0.0	0.0	0.0	15.38	1.92	1.92	7.69	3.85	0.0	7.69	0.0	7.69	1.92	1.92	0.0	0.0	5.77	1.92	0.0	0.0	0.0	0.0	0.0	0.0	0.0	48.08	1.92	0.0	1.92	3.85	0.0	5.77	5.77	0.0	0.0	0.0	1.92	0.0	0.0	1.92	1.92	7.69	0.0	0.0	0.0	1.92	0.0	17.31	15.38	5.77	19.23	0.0	25.00	1.92	1.92	0.0	1.92	7.69	11.54	21.15	3.85	0.0	0.0	1.92	7.69	0.0	0.0	3.85
JULIE	92	92.0	0.0	0.0	0.0	0.0	0.0	0.0	0.0	0.0	0.0	0.0	0.0	0.0	0.0	9.78	0.0	8.70	7.61	1.09	0.0	3.26	1.09	5.43	3.26	2.17	0.0	0.0	20.65	7.61	0.0	2.17	0.0	0.0	1.09	0.0	0.0	55.43	2.17	1.09	0.0	2.17	2.17	4.35	13.04	0.0	1.09	2.17	6.52	1.09	0.0	2.17	0.0	5.43	1.09	0.0	1.09	1.09	2.17	14.13	15.22	11.96	20.65	1.09	15.22	1.09	3.26	0.0	1.09	4.35	14.13	8.70	1.09	2.17	0.0	3.26	15.22	4.35	0.0	1.09
FOUCHET	38	38.0	0.0	0.0	0.0	0.0	0.0	0.0	0.0	0.0	0.0	0.0	0.0	0.0	0.0	2.63	2.63	5.26	0.0	0.0	0.0	13.16	0.0	7.89	0.0	0.0	2.63	0.0	10.53	7.89	0.0	0.0	0.0	0.0	0.0	0.0	0.0	71.05	2.63	0.0	0.0	0.0	2.63	10.53	7.89	0.0	0.0	0.0	2.63	0.0	0.0	5.26	0.0	0.0	0.0	7.89	2.63	0.0	0.0	23.68	10.53	7.89	26.32	0.0	21.05	2.63	0.0	0.0	0.0	0.0	21.05	7.89	0.0	0.0	5.26	5.26	15.79	7.89	2.63	0.0
LOWREY	22	22.0	4.55	0.0	0.0	0.0	0.0	0.0	0.0	0.0	4.55	0.0	0.0	0.0	0.0	18.18	4.55	4.55	0.0	0.0	0.0	4.55	0.0	9.09	4.55	0.0	4.55	4.55	18.18	4.55	0.0	0.0	4.55	0.0	0.0	0.0	0.0	50.00	4.55	0.0	4.55	0.0	0.0	4.55	0.0	4.55	0.0	0.0	4.55	4.55	0.0	0.0	4.55	0.0	0.0	0.0	4.55	9.09	0.0	22.73	0.0	9.09	27.27	4.55	4.55	0.0	0.0	4.55	0.0	18.18	22.73	0.0	0.0	4.55	0.0	4.55	18.18	0.0	4.55	0.0
BURNETT	52	52.0	1.92	0.0	0.0	0.0	1.92	0.0	0.0	0.0	0.0	0.0	0.0	0.0	0.0	17.31	0.0	5.77	5.77	0.0	0.0	1.92	1.92	3.85	1.92	0.0	0.0	1.92	11.54	3.85	0.0	3.85	0.0	0.0	0.0	0.0	1.92	40.38	3.85	0.0	1.92	0.0	3.85	5.77	1.92	1.92	0.0	1.92	0.0	1.92	0.0	0.0	3.85	3.85	0.0	1.92	3.85	1.92	1.92	11.54	13.46	1.92	11.54	0.0	7.69	0.0	0.0	0.0	0.0	3.85	15.38	1.92	0.0	1.92	0.0	5.77	9.62	0.0	0.0	1.92
LOWREY	18	18.0	0.0	0.0	0.0	0.0	0.0	0.0	0.0	0.0	0.0	0.0	0.0	0.0	0.0	11.11	0.0	5.56	11.11	11.11	0.0	11.11	0.0	11.11	0.0	0.0	0.0	0.0	11.11	0.0	5.56	0.0	5.56	0.0	0.0	0.0	0.0	61.11	0.0	0.0	5.56	0.0	5.56	5.56	0.0	0.0	0.0	5.56	16.67	0.0	0.0	0.0	0.0	11.11	0.0	0.0	5.56	5.56	0.0	16.67	0.0	5.56	33.33	0.0	0.0	5.56	0.0	0.0	0.0	5.56	27.78	0.0	5.56	5.56	0.0	0.0	16.67	0.0	0.0	5.56
JULIE	39	39.0	2.56	2.56	0.0	0.0	2.56	0.0	0.0	0.0	0.0	0.0	0.0	0.0	0.0	5.13	0.0	5.13	7.69	2.56	0.0	10.26	0.0	0.0	0.0	0.0	0.0	0.0	2.56	2.56	2.56	0.0	0.0	0.0	2.56	0.0	0.0	38.46	0.0	0.0	10.26	0.0	2.56	0.0	2.56	0.0	0.0	0.0	5.13	2.56	0.0	2.56	0.0	7.69	0.0	2.56	2.56	15.38	0.0	5.13	10.26	2.56	10.26	0.0	17.95	7.69	5.13	2.56	0.0	2.56	17.95	15.38	0.0	0.0	0.0	0.0	5.13	0.0	0.0	2.56
FOUCHET	6	6.0	0.0	0.0	0.0	0.0	0.0	0.0	0.0	0.0	0.0	0.0	0.0	0.0	0.0	0.0	0.0	0.0	16.67	16.67	0.0	33.33	0.0	0.0	0.0	0.0	0.0	0.0	16.67	0.0	16.67	0.0	0.0	0.0	0.0	0.0	0.0	33.33	0.0	0.0	0.0	0.0	16.67	0.0	0.0	0.0	16.67	0.0	0.0	0.0	0.0	0.0	0.0	16.67	0.0	0.0	0.0	0.0	0.0	0.0	0.0	0.0	0.0	0.0	0.0	0.0	0.0	0.0	0.0	0.0	16.67	0.0	0.0	0.0	0.0	0.0	0.0	0.0	0.0	0.0
LOWREY	41	41.0	2.44	0.0	0.0	0.0	2.44	0.0	0.0	0.0	0.0	0.0	0.0	0.0	0.0	12.20	0.0	0.0	4.88	0.0	2.44	9.76	0.0	4.88	0.0	0.0	2.44	0.0	19.51	9.76	0.0	0.0	4.88	0.0	0.0	0.0	0.0	51.22	0.0	0.0	0.0	0.0	0.0	0.0	9.76	0.0	0.0	2.44	4.88	0.0	0.0	2.44	2.44	4.88	0.0	0.0	0.0	0.0	0.0	2.44	17.07	7.32	7.32	2.44	21.95	0.0	2.44	0.0	0.0	2.44	7.32	19.51	0.0	0.0	0.0	0.0	7.32	0.0	0.0	0.0
BURNETT	8	8.0	0.0	0.0	0.0	0.0	0.0	0.0	0.0	0.0	0.0	0.0	0.0	0.0	0.0	0.0	0.0	25.00	12.50	12.50	0.0	0.0	0.0	12.50	0.0	0.0	0.0	0.0	12.50	0.0	0.0	0.0	0.0	0.0	0.0	0.0	0.0	62.50	0.0	0.0	0.0	0.0	0.0	0.0	0.0	0.0	0.0	12.50	12.50	0.0	0.0	0.0	12.50	12.50	0.0	0.0	0.0	0.0	0.0	0.0	25.00	25.00	12.50	0.0	0.0	0.0	0.0	0.0	0.0	0.0	0.0	0.0	0.0	0.0	0.0	0.0	25.00	0.0	0.0	0.0
JULIE	10	10.0	0.0	0.0	0.0	0.0	0.0	0.0	0.0	0.0	0.0	0.0	0.0	0.0	0.0	0.0	0.0	0.0	30.00	10.00	0.0	0.0	0.0	10.00	10.00	10.00	0.0	0.0	0.0	10.00	0.0	0.0	0.0	0.0	10.00	0.0	0.0	60.00	0.0	0.0	0.0	0.0	0.0	0.0	0.0	0.0	0.0	0.0	20.00	0.0	0.0	0.0	10.00	30.00	0.0	0.0	0.0	10.00	0.0	20.00	10.00	10.00	40.00	0.0	20.00	0.0	20.00	0.0	0.0	20.00	20.00	20.00	10.00	0.0	0.0	0.0	10.00	0.0	0.0	0.0
LOWREY	64	64.0	3.12	0.0	0.0	0.0	3.12	0.0	0.0	0.0	0.0	0.0	0.0	0.0	0.0	12.50	0.0	4.69	4.69	1.56	0.0	10.94	0.0	1.56	0.0	0.0	0.0	1.56	12.50	6.25	0.0	0.0	1.56	0.0	1.56	0.0	0.0	42.19	0.0	0.0	1.56	1.56	0.0	3.12	6.25	0.0	3.12	0.0	1.56	0.0	0.0	10.94	0.0	3.12	0.0	0.0	0.0	4.69	1.56	6.25	15.62	1.56	7.81	0.0	25.00	0.0	0.0	1.56	0.0	1.56	6.25	10.94	0.0	0.0	1.56	3.12	1.56	0.0	0.0	0.0
LOWREY	52	52.0	0.0	0.0	0.0	0.0	0.0	0.0	0.0	0.0	0.0	0.0	0.0	0.0	0.0	11.54	0.0	3.85	3.85	0.0	0.0	9.62	0.0	9.62	3.85	3.85	0.0	0.0	7.69	3.85	0.0	0.0	1.92	0.0	3.85	0.0	0.0	61.54	1.92	0.0	0.0	1.92	0.0	0.0	3.85	0.0	1.92	0.0	11.54	0.0	0.0	5.77	1.92	3.85	0.0	0.0	0.0	7.69	0.0	7.69	19.23	7.69	19.23	0.0	25.00	0.0	3.85	0.0	0.0	1.92	7.69	15.38	0.0	0.0	0.0	3.85	9.62	0.0	0.0	5.77
LOWREY	14	14.0	7.14	0.0	0.0	0.0	7.14	0.0	0.0	0.0	0.0	0.0	0.0	0.0	0.0	21.43	0.0	7.14	0.0	0.0	0.0	7.14	0.0	14.29	0.0	0.0	0.0	0.0	0.0	7.14	0.0	0.0	0.0	0.0	0.0	0.0	0.0	42.86	0.0	0.0	0.0	0.0	0.0	7.14	0.0	0.0	0.0	0.0	0.0	0.0	0.0	14.29	0.0	0.0	0.0	0.0	0.0	0.0	0.0	21.43	0.0	14.29	21.43	0.0	21.43	0.0	0.0	0.0	0.0	0.0	14.29	0.0	0.0	0.0	0.0	7.14	14.29	0.0	0.0	14.29
NOAH	13	13.0	7.69	0.0	0.0	0.0	7.69	0.0	0.0	0.0	0.0	0.0	0.0	0.0	0.0	0.0	0.0	0.0	0.0	0.0	0.0	15.38	0.0	0.0	0.0	0.0	0.0	0.0	23.08	15.38	0.0	0.0	0.0	0.0	0.0	0.0	0.0	46.15	0.0	0.0	0.0	0.0	0.0	0.0	23.08	0.0	0.0	0.0	0.0	0.0	0.0	7.69	0.0	0.0	0.0	0.0	0.0	0.0	0.0	7.69	7.69	0.0	7.69	0.0	23.08	0.0	0.0	0.0	0.0	7.69	7.69	15.38	0.0	0.0	0.0	0.0	0.0	0.0	0.0	0.0
JULIE	16	16.0	0.0	0.0	0.0	0.0	0.0	0.0	0.0	0.0	0.0	0.0	0.0	0.0	0.0	31.25	0.0	6.25	0.0	0.0	0.0	18.75	0.0	0.0	0.0	0.0	0.0	0.0	12.50	6.25	0.0	0.0	6.25	0.0	0.0	0.0	0.0	62.50	0.0	0.0	0.0	0.0	0.0	0.0	6.25	0.0	0.0	0.0	0.0	0.0	0.0	6.25	0.0	0.0	0.0	0.0	0.0	0.0	0.0	12.50	25.00	0.0	12.50	0.0	12.50	0.0	0.0	0.0	0.0	0.0	12.50	6.25	0.0	0.0	12.50	0.0	0.0	0.0	0.0	0.0
BURNETT	57	57.0	0.0	1.75	0.0	0.0	0.0	0.0	0.0	0.0	0.0	0.0	0.0	0.0	0.0	8.77	3.51	3.51	3.51	0.0	1.75	5.26	0.0	14.04	1.75	1.75	1.75	0.0	15.79	1.75	0.0	0.0	0.0	0.0	0.0	0.0	0.0	66.67	0.0	0.0	1.75	0.0	0.0	3.51	5.26	0.0	3.51	3.51	17.54	0.0	0.0	5.26	1.75	1.75	0.0	0.0	1.75	1.75	1.75	21.05	10.53	19.30	38.60	3.51	10.53	0.0	0.0	0.0	1.75	1.75	22.81	3.51	1.75	1.75	1.75	1.75	22.81	3.51	1.75	10.53
gags.	48	48.0	0.0	0.0	0.0	0.0	0.0	0.0	0.0	0.0	0.0	0.0	0.0	0.0	0.0	8.33	0.0	6.25	8.33	4.17	0.0	4.17	0.0	8.33	2.08	2.08	2.08	0.0	14.58	4.17	0.0	0.0	0.0	0.0	0.0	0.0	0.0	54.17	2.08	0.0	0.0	0.0	2.08	0.0	6.25	0.0	0.0	0.0	8.33	2.08	0.0	2.08	2.08	8.33	0.0	2.08	2.08	6.25	0.0	8.33	12.50	10.42	16.67	2.08	22.92	4.17	2.08	2.08	0.0	0.0	10.42	12.50	4.17	6.25	0.0	6.25	14.58	4.17	0.0	4.17
LOWREY	25	25.0	0.0	0.0	0.0	0.0	0.0	0.0	0.0	0.0	0.0	0.0	0.0	0.0	0.0	8.00	0.0	0.0	12.00	0.0	0.0	12.00	0.0	4.00	4.00	4.00	0.0	0.0	8.00	4.00	0.0	0.0	0.0	4.00	0.0	0.0	0.0	44.00	4.00	0.0	4.00	4.00	4.00	0.0	4.00	0.0	0.0	0.0	0.0	0.0	0.0	0.0	0.0	8.00	0.0	4.00	0.0	4.00	4.00	8.00	12.00	8.00	8.00	4.00	16.00	0.0	8.00	0.0	0.0	4.00	20.00	12.00	0.0	4.00	4.00	4.00	12.00	0.0	0.0	0.0
LOWREY	112	112.0	0.89	0.0	0.0	0.0	0.0	0.0	0.0	0.0	0.89	0.0	0.0	0.0	0.0	12.50	0.0	7.14	5.36	0.0	0.0	3.57	1.79	8.93	3.57	2.68	0.89	0.0	14.29	3.57	0.0	0.89	6.25	0.0	0.89	0.0	0.0	63.39	0.0	0.0	1.79	0.89	0.0	7.14	1.79	0.89	0.0	0.89	14.29	0.0	1.79	0.89	4.46	3.57	0.0	0.0	5.36	4.46	1.79	13.39	13.39	13.39	27.68	2.68	11.61	0.0	3.57	1.79	0.0	2.68	10.71	8.04	0.0	3.57	0.0	2.68	18.75	0.89	0.0	2.68
JULIE	20	20.0	0.0	0.0	0.0	0.0	0.0	0.0	0.0	0.0	0.0	0.0	0.0	0.0	0.0	15.00	0.0	10.00	10.00	0.0	0.0	10.00	0.0	20.00	5.00	5.00	0.0	5.00	10.00	0.0	0.0	5.00	5.00	0.0	0.0	0.0	0.0	65.00	10.00	0.0	0.0	0.0	0.0	20.00	0.0	0.0	0.0	0.0	0.0	0.0	5.00	0.0	0.0	10.00	0.0	0.0	0.0	0.0	0.0	25.00	15.00	5.00	25.00	0.0	15.00	0.0	0.0	0.0	0.0	0.0	5.00	5.00	0.0	0.0	5.00	10.00	20.00	0.0	5.00	0.0
BURNETT	39	39.0	0.0	0.0	0.0	0.0	0.0	0.0	0.0	0.0	0.0	0.0	0.0	0.0	0.0	7.69	0.0	0.0	10.26	0.0	0.0	7.69	2.56	2.56	2.56	0.0	0.0	0.0	12.82	2.56	0.0	0.0	2.56	0.0	2.56	0.0	0.0	38.46	2.56	2.56	0.0	5.13	0.0	5.13	5.13	0.0	0.0	5.13	5.13	0.0	0.0	2.56	2.56	0.0	0.0	0.0	0.0	2.56	10.26	7.69	12.82	5.13	12.82	0.0	10.26	0.0	0.0	0.0	0.0	0.0	5.13	7.69	0.0	0.0	0.0	0.0	7.69	0.0	0.0	2.56
LOWREY	31	31.0	0.0	0.0	0.0	0.0	0.0	0.0	0.0	0.0	0.0	0.0	0.0	0.0	0.0	16.13	0.0	3.23	3.23	0.0	0.0	3.23	0.0	6.45	0.0	0.0	0.0	0.0	19.35	0.0	0.0	6.45	0.0	0.0	0.0	0.0	0.0	48.39	3.23	0.0	0.0	0.0	0.0	6.45	3.23	0.0	0.0	9.68	9.68	0.0	0.0	3.23	0.0	3.23	0.0	0.0	0.0	3.23	0.0	19.35	16.13	25.81	29.03	0.0	19.35	0.0	3.23	3.23	0.0	6.45	16.13	16.13	0.0	0.0	0.0	0.0	29.03	0.0	0.0	6.45
LOWREY	22	22.0	0.0	0.0	0.0	0.0	0.0	0.0	0.0	0.0	0.0	0.0	0.0	0.0	0.0	4.55	0.0	0.0	4.55	0.0	0.0	9.09	0.0	9.09	0.0	0.0	0.0	0.0	18.18	0.0	0.0	4.55	0.0	0.0	0.0	0.0	0.0	50.00	4.55	0.0	0.0	0.0	4.55	4.55	4.55	0.0	0.0	4.55	4.55	0.0	0.0	0.0	0.0	0.0	0.0	0.0	0.0	0.0	4.55	18.18	18.18	18.18	22.73	0.0	13.64	0.0	0.0	0.0	0.0	0.0	27.27	13.64	0.0	4.55	0.0	0.0	22.73	0.0	0.0	13.64
KIDS	57	57.0	0.0	0.0	0.0	0.0	0.0	0.0	0.0	0.0	0.0	0.0	0.0	0.0	0.0	7.02	0.0	1.75	8.77	0.0	0.0	10.53	3.51	5.26	0.0	0.0	0.0	1.75	17.54	3.51	0.0	1.75	5.26	3.51	0.0	0.0	1.75	50.88	1.75	0.0	1.75	1.75	0.0	3.51	1.75	0.0	1.75	1.75	7.02	0.0	0.0	1.75	0.0	7.02	0.0	0.0	1.75	1.75	1.75	10.53	10.53	10.53	17.54	5.26	15.79	0.0	7.02	0.0	0.0	1.75	19.30	12.28	0.0	1.75	0.0	1.75	14.04	0.0	0.0	5.26
BURNETT	30	30.0	0.0	0.0	0.0	0.0	0.0	0.0	0.0	0.0	0.0	0.0	0.0	0.0	0.0	16.67	3.33	0.0	3.33	3.33	0.0	3.33	0.0	6.67	3.33	3.33	0.0	0.0	10.00	3.33	0.0	3.33	0.0	0.0	0.0	0.0	0.0	60.00	0.0	0.0	0.0	0.0	0.0	10.00	3.33	0.0	0.0	0.0	0.0	0.0	0.0	0.0	3.33	3.33	0.0	3.33	3.33	0.0	0.0	26.67	13.33	10.00	26.67	3.33	13.33	0.0	0.0	0.0	0.0	3.33	20.00	3.33	3.33	3.33	0.0	10.00	13.33	0.0	0.0	13.33
CASPER	5	5.0	0.0	0.0	0.0	0.0	0.0	0.0	0.0	0.0	0.0	0.0	0.0	0.0	0.0	0.0	0.0	40.00	0.0	0.0	0.0	0.0	0.0	20.00	0.0	0.0	0.0	0.0	0.0	0.0	0.0	0.0	0.0	0.0	0.0	0.0	0.0	80.00	0.0	0.0	0.0	0.0	20.00	0.0	0.0	0.0	0.0	0.0	0.0	0.0	0.0	0.0	0.0	0.0	0.0	0.0	0.0	20.00	0.0	40.00	0.0	20.00	40.00	0.0	0.0	0.0	0.0	20.00	0.0	20.00	60.00	0.0	0.0	0.0	0.0	0.0	20.00	20.00	0.0	0.0
THERESA	25	25.0	0.0	0.0	0.0	0.0	0.0	0.0	0.0	0.0	0.0	0.0	0.0	0.0	0.0	28.00	0.0	0.0	8.00	0.0	0.0	12.00	0.0	4.00	0.0	0.0	0.0	0.0	16.00	0.0	0.0	0.0	0.0	0.0	0.0	0.0	0.0	52.00	0.0	0.0	8.00	4.00	0.0	8.00	4.00	0.0	0.0	4.00	12.00	0.0	0.0	0.0	0.0	8.00	0.0	0.0	4.00	8.00	0.0	12.00	16.00	8.00	24.00	0.0	28.00	0.0	8.00	0.0	0.0	4.00	12.00	28.00	0.0	4.00	0.0	0.0	12.00	0.0	0.0	0.0
LOWREY	17	17.0	0.0	0.0	0.0	0.0	0.0	0.0	0.0	0.0	0.0	0.0	0.0	0.0	0.0	0.0	0.0	5.88	0.0	0.0	0.0	11.76	0.0	0.0	0.0	0.0	0.0	0.0	29.41	11.76	0.0	0.0	0.0	0.0	0.0	0.0	0.0	52.94	0.0	0.0	0.0	5.88	5.88	5.88	23.53	0.0	5.88	0.0	0.0	0.0	0.0	11.76	0.0	0.0	0.0	0.0	0.0	0.0	0.0	11.76	17.65	29.41	11.76	0.0	35.29	0.0	0.0	0.0	0.0	0.0	11.76	17.65	0.0	0.0	0.0	5.88	29.41	0.0	0.0	5.88
LOWREY'S GUN	40	40.0	2.50	0.0	0.0	0.0	2.50	0.0	0.0	0.0	0.0	0.0	0.0	0.0	0.0	10.00	0.0	2.50	10.00	0.0	0.0	7.50	0.0	2.50	5.00	5.00	0.0	0.0	15.00	10.00	0.0	0.0	2.50	0.0	2.50	0.0	0.0	40.00	0.0	0.0	0.0	5.00	0.0	0.0	10.00	0.0	2.50	0.0	2.50	0.0	0.0	5.00	0.0	7.50	0.0	0.0	0.0	2.50	2.50	2.50	15.00	7.50	5.00	0.0	17.50	0.0	7.50	0.0	0.0	2.50	2.50	10.00	0.0	0.0	0.0	2.50	7.50	0.0	0.0	0.0
CAR	40	40.0	5.00	2.50	0.0	0.0	2.50	0.0	0.0	0.0	0.0	2.50	0.0	0.0	0.0	22.50	0.0	0.0	10.00	2.50	0.0	7.50	0.0	2.50	2.50	0.0	2.50	0.0	15.00	2.50	0.0	5.00	0.0	0.0	0.0	0.0	0.0	37.50	0.0	0.0	0.0	0.0	2.50	7.50	2.50	0.0	2.50	2.50	7.50	0.0	0.0	2.50	2.50	7.50	0.0	2.50	2.50	2.50	2.50	15.00	0.0	12.50	22.50	0.0	10.00	0.0	5.00	2.50	2.50	0.0	10.00	5.00	2.50	2.50	0.0	2.50	15.00	0.0	0.0	7.50
FERGUSON	6	6.0	0.0	0.0	0.0	0.0	0.0	0.0	0.0	0.0	0.0	0.0	0.0	0.0	0.0	16.67	0.0	16.67	16.67	16.67	0.0	0.0	0.0	0.0	16.67	16.67	0.0	0.0	33.33	0.0	0.0	16.67	0.0	0.0	0.0	0.0	0.0	66.67	0.0	0.0	0.0	0.0	0.0	0.0	0.0	0.0	0.0	16.67	33.33	0.0	0.0	0.0	0.0	16.67	0.0	0.0	0.0	0.0	0.0	0.0	33.33	16.67	33.33	0.0	0.0	0.0	0.0	0.0	0.0	0.0	16.67	0.0	16.67	0.0	0.0	0.0	16.67	0.0	0.0	0.0
LOWREY	13	13.0	0.0	0.0	0.0	0.0	0.0	0.0	0.0	0.0	0.0	0.0	0.0	0.0	0.0	0.0	0.0	7.69	7.69	7.69	0.0	0.0	0.0	23.08	0.0	0.0	0.0	0.0	0.0	0.0	0.0	0.0	0.0	0.0	0.0	0.0	0.0	76.92	0.0	0.0	0.0	0.0	0.0	0.0	0.0	0.0	0.0	0.0	23.08	0.0	0.0	0.0	7.69	7.69	0.0	0.0	7.69	7.69	0.0	23.08	0.0	23.08	46.15	7.69	0.0	0.0	0.0	7.69	0.0	0.0	30.77	0.0	0.0	0.0	0.0	0.0	30.77	0.0	0.0	23.08
BURNETT	125	125.0	0.80	0.0	0.0	0.0	0.0	0.0	0.0	0.0	0.0	0.80	0.0	0.0	0.0	13.60	1.60	7.20	8.00	0.80	0.0	4.00	1.60	9.60	1.60	1.60	0.0	0.0	8.00	2.40	0.80	2.40	0.0	0.0	0.80	0.0	0.0	60.00	0.80	0.0	1.60	1.60	0.0	6.40	4.80	0.0	0.0	0.80	4.00	0.0	0.0	3.20	2.40	4.80	0.0	0.80	3.20	4.80	3.20	23.20	12.00	13.60	27.20	0.0	21.60	0.0	4.00	2.40	0.0	6.40	20.00	12.80	0.0	0.0	0.0	5.60	20.00	4.80	0.80	5.60
CASPER	20	20.0	5.00	0.0	0.0	0.0	5.00	0.0	0.0	0.0	0.0	0.0	0.0	0.0	0.0	15.00	0.0	15.00	5.00	5.00	0.0	20.00	0.0	5.00	5.00	0.0	0.0	0.0	10.00	10.00	0.0	0.0	10.00	0.0	0.0	0.0	0.0	55.00	0.0	0.0	0.0	0.0	5.00	0.0	0.0	0.0	0.0	0.0	5.00	0.0	0.0	10.00	0.0	5.00	0.0	0.0	0.0	0.0	0.0	5.00	5.00	15.00	10.00	0.0	15.00	0.0	0.0	0.0	5.00	0.0	10.00	0.0	10.00	0.0	5.00	5.00	15.00	0.0	0.0	0.0
SANCHEZ	14	14.0	0.0	0.0	0.0	0.0	0.0	0.0	0.0	0.0	0.0	0.0	0.0	0.0	0.0	7.14	0.0	0.0	0.0	0.0	0.0	14.29	0.0	7.14	0.0	0.0	0.0	0.0	7.14	7.14	0.0	0.0	0.0	0.0	0.0	0.0	0.0	50.00	0.0	0.0	0.0	0.0	0.0	0.0	7.14	0.0	0.0	0.0	0.0	0.0	0.0	7.14	0.0	0.0	0.0	0.0	7.14	0.0	0.0	7.14	14.29	14.29	7.14	0.0	21.43	0.0	0.0	0.0	0.0	0.0	7.14	14.29	0.0	0.0	0.0	0.0	28.57	7.14	0.0	0.0
Chet.	79	79.0	0.0	1.27	0.0	0.0	0.0	0.0	0.0	0.0	0.0	0.0	0.0	0.0	0.0	7.59	0.0	5.06	3.80	0.0	0.0	6.33	2.53	8.86	5.06	5.06	1.27	0.0	18.99	2.53	0.0	2.53	2.53	0.0	3.80	0.0	0.0	55.70	1.27	0.0	0.0	1.27	2.53	6.33	5.06	0.0	0.0	1.27	6.33	1.27	2.53	1.27	2.53	2.53	0.0	0.0	1.27	6.33	1.27	16.46	11.39	8.86	22.78	0.0	10.13	0.0	2.53	2.53	0.0	3.80	13.92	7.59	0.0	5.06	0.0	1.27	12.66	1.27	1.27	5.06
HOWARD'S OFFICE	16	16.0	0.0	0.0	0.0	0.0	0.0	0.0	0.0	0.0	0.0	0.0	0.0	0.0	0.0	25.00	0.0	6.25	6.25	0.0	6.25	0.0	0.0	6.25	6.25	6.25	0.0	0.0	18.75	6.25	0.0	0.0	0.0	0.0	0.0	0.0	0.0	43.75	0.0	0.0	0.0	0.0	0.0	0.0	12.50	0.0	6.25	0.0	0.0	0.0	0.0	0.0	0.0	6.25	0.0	6.25	0.0	0.0	0.0	6.25	12.50	12.50	6.25	0.0	18.75	0.0	0.0	0.0	0.0	6.25	6.25	6.25	0.0	0.0	0.0	12.50	12.50	0.0	0.0	0.0
SANCHEZ	74	74.0	0.0	0.0	0.0	0.0	0.0	0.0	0.0	0.0	0.0	0.0	0.0	0.0	0.0	8.11	1.35	5.41	4.05	1.35	1.35	4.05	2.70	8.11	2.70	0.0	0.0	1.35	16.22	5.41	0.0	1.35	2.70	0.0	1.35	0.0	0.0	54.05	0.0	1.35	1.35	1.35	4.05	5.41	5.41	0.0	0.0	2.70	1.35	0.0	1.35	0.0	2.70	2.70	0.0	1.35	9.46	4.05	1.35	18.92	8.11	5.41	20.27	2.70	4.05	0.0	0.0	1.35	1.35	9.46	22.97	1.35	1.35	0.0	0.0	2.70	14.86	2.70	2.70	1.35
BURNETT	27	27.0	0.0	0.0	0.0	0.0	0.0	0.0	0.0	0.0	0.0	0.0	0.0	0.0	0.0	0.0	0.0	3.70	3.70	0.0	0.0	11.11	3.70	3.70	3.70	3.70	0.0	3.70	7.41	3.70	0.0	0.0	0.0	0.0	3.70	0.0	0.0	59.26	0.0	0.0	0.0	0.0	0.0	7.41	0.0	0.0	0.0	0.0	7.41	0.0	0.0	0.0	0.0	0.0	0.0	0.0	3.70	3.70	3.70	22.22	14.81	7.41	29.63	0.0	11.11	0.0	0.0	0.0	0.0	3.70	14.81	11.11	0.0	3.70	0.0	0.0	11.11	0.0	3.70	11.11
LOWREY	32	32.0	0.0	0.0	0.0	0.0	0.0	0.0	0.0	0.0	0.0	0.0	0.0	0.0	0.0	9.38	0.0	6.25	6.25	3.12	0.0	6.25	0.0	9.38	6.25	6.25	0.0	0.0	25.00	9.38	0.0	0.0	9.38	0.0	0.0	0.0	0.0	65.62	3.12	0.0	0.0	0.0	3.12	0.0	9.38	0.0	0.0	0.0	6.25	3.12	0.0	3.12	3.12	3.12	0.0	3.12	0.0	0.0	3.12	9.38	15.62	6.25	15.62	6.25	12.50	0.0	0.0	0.0	3.12	0.0	15.62	6.25	9.38	9.38	3.12	3.12	12.50	6.25	0.0	0.0
JULIE	10	10.0	0.0	0.0	0.0	0.0	0.0	0.0	20.00	0.0	0.0	0.0	0.0	0.0	0.0	20.00	0.0	10.00	10.00	10.00	0.0	0.0	0.0	10.00	20.00	10.00	0.0	0.0	10.00	0.0	0.0	0.0	10.00	0.0	0.0	0.0	0.0	50.00	0.0	10.00	0.0	0.0	0.0	20.00	0.0	0.0	0.0	0.0	10.00	0.0	0.0	0.0	0.0	10.00	0.0	0.0	0.0	0.0	0.0	20.00	10.00	10.00	30.00	0.0	0.0	0.0	0.0	0.0	0.0	0.0	0.0	0.0	10.00	0.0	0.0	0.0	10.00	0.0	0.0	0.0
BURNETT	39	39.0	0.0	0.0	0.0	0.0	0.0	0.0	0.0	0.0	0.0	0.0	0.0	0.0	0.0	7.69	0.0	2.56	7.69	0.0	0.0	7.69	0.0	0.0	2.56	2.56	0.0	0.0	12.82	5.13	0.0	0.0	0.0	0.0	0.0	0.0	0.0	38.46	0.0	0.0	0.0	7.69	0.0	0.0	12.82	0.0	0.0	0.0	2.56	0.0	2.56	2.56	0.0	5.13	0.0	0.0	0.0	2.56	2.56	5.13	15.38	2.56	7.69	0.0	20.51	0.0	5.13	2.56	0.0	2.56	10.26	15.38	0.0	0.0	0.0	2.56	2.56	0.0	5.13	2.56
BURNETT	53	53.0	0.0	0.0	0.0	0.0	0.0	0.0	0.0	0.0	0.0	0.0	0.0	0.0	0.0	7.55	1.89	5.66	7.55	1.89	0.0	7.55	0.0	7.55	1.89	1.89	0.0	5.66	28.30	3.77	0.0	1.89	1.89	0.0	0.0	0.0	0.0	69.81	0.0	0.0	0.0	0.0	0.0	3.77	15.09	0.0	0.0	1.89	11.32	1.89	1.89	1.89	1.89	1.89	1.89	0.0	0.0	0.0	5.66	20.75	15.09	16.98	32.08	1.89	15.09	0.0	0.0	0.0	0.0	0.0	22.64	9.43	1.89	1.89	0.0	3.77	16.98	13.21	1.89	3.77
JOJO	59	59.0	0.0	0.0	0.0	0.0	0.0	0.0	0.0	0.0	0.0	0.0	0.0	0.0	0.0	11.86	0.0	10.17	11.86	8.47	0.0	5.08	3.39	13.56	5.08	0.0	0.0	0.0	10.17	5.08	0.0	0.0	0.0	0.0	0.0	0.0	0.0	64.41	0.0	1.69	0.0	0.0	0.0	11.86	1.69	0.0	0.0	3.39	15.25	0.0	0.0	3.39	1.69	10.17	0.0	0.0	1.69	0.0	1.69	18.64	8.47	15.25	33.90	1.69	20.34	0.0	1.69	0.0	3.39	3.39	8.47	13.56	3.39	5.08	0.0	3.39	16.95	0.0	0.0	3.39
LOWREY                           BURNETT	152	152.0	0.66	0.0	0.0	0.0	0.0	0.0	0.0	0.0	0.66	0.0	0.0	0.0	0.0	5.92	1.32	5.26	6.58	3.29	0.0	0.66	0.0	14.47	5.92	4.61	0.0	0.0	9.87	3.29	0.66	1.32	1.97	0.0	0.66	0.0	0.0	62.50	3.29	0.66	0.66	0.0	1.32	13.16	3.95	0.0	1.32	0.66	7.24	0.0	0.66	3.29	4.61	6.58	0.0	1.32	2.63	1.97	0.0	23.68	11.18	14.47	30.92	2.63	18.42	0.0	2.63	0.66	1.97	3.95	14.47	10.53	4.61	1.32	0.0	4.61	21.05	0.66	0.0	5.92
JULIE	155	155.0	1.29	0.0	0.0	0.0	1.29	0.0	0.0	0.0	0.0	0.0	0.0	0.0	0.0	14.84	0.0	3.23	5.16	0.65	0.0	5.81	1.94	5.81	5.16	1.29	1.94	1.29	13.55	5.16	0.0	0.65	2.58	0.0	0.0	0.0	0.0	45.16	1.29	0.65	0.65	2.58	1.94	3.23	3.87	2.58	1.29	1.29	6.45	1.94	1.29	0.65	0.0	4.52	0.0	0.65	3.23	4.52	0.65	10.97	9.03	5.81	17.42	1.94	18.06	0.0	3.23	0.65	0.65	1.29	10.97	10.97	0.65	2.58	1.29	6.45	10.32	0.0	0.65	5.16
LOWREY	118	118.0	0.85	0.85	0.0	0.0	0.85	0.0	0.0	0.0	0.0	0.0	0.0	0.0	0.0	16.95	2.54	4.24	5.08	0.85	0.0	7.63	0.85	5.08	5.08	4.24	0.85	0.0	14.41	7.63	0.0	0.85	1.69	0.0	1.69	0.0	0.0	47.46	0.85	0.0	0.0	1.69	0.85	0.85	10.17	1.69	0.0	1.69	2.54	1.69	0.0	4.24	0.85	5.08	0.0	0.85	0.85	4.24	0.0	11.02	7.63	10.17	13.56	4.24	22.88	0.0	4.24	2.54	0.85	3.39	11.86	12.71	0.85	1.69	2.54	5.93	12.71	2.54	0.0	1.69
BURNETT	23	23.0	0.0	0.0	0.0	0.0	0.0	0.0	0.0	0.0	0.0	0.0	0.0	0.0	0.0	0.0	0.0	0.0	21.74	0.0	4.35	4.35	0.0	8.70	4.35	4.35	0.0	0.0	13.04	0.0	0.0	0.0	0.0	4.35	4.35	0.0	0.0	65.22	0.0	0.0	0.0	0.0	4.35	13.04	0.0	0.0	0.0	0.0	0.0	0.0	8.70	0.0	4.35	17.39	0.0	0.0	0.0	4.35	4.35	39.13	4.35	17.39	39.13	8.70	8.70	0.0	13.04	0.0	0.0	0.0	34.78	8.70	0.0	13.04	13.04	0.0	17.39	0.0	0.0	13.04
Burnett's house.	28	28.0	0.0	0.0	0.0	0.0	0.0	0.0	0.0	0.0	0.0	0.0	0.0	0.0	0.0	14.29	3.57	0.0	3.57	0.0	0.0	7.14	0.0	14.29	3.57	3.57	3.57	0.0	3.57	0.0	0.0	0.0	0.0	0.0	0.0	0.0	0.0	53.57	0.0	0.0	0.0	0.0	3.57	0.0	0.0	0.0	0.0	0.0	10.71	3.57	0.0	0.0	0.0	0.0	0.0	7.14	10.71	0.0	3.57	10.71	3.57	10.71	21.43	3.57	3.57	0.0	0.0	0.0	0.0	0.0	21.43	0.0	0.0	0.0	7.14	3.57	21.43	0.0	3.57	3.57
silence.	6	6.0	0.0	0.0	0.0	0.0	0.0	0.0	0.0	0.0	0.0	0.0	0.0	0.0	0.0	16.67	0.0	0.0	0.0	0.0	0.0	16.67	0.0	0.0	0.0	0.0	0.0	0.0	0.0	0.0	0.0	0.0	0.0	0.0	0.0	0.0	0.0	33.33	0.0	0.0	0.0	0.0	0.0	0.0	0.0	0.0	0.0	0.0	0.0	0.0	0.0	0.0	0.0	0.0	0.0	16.67	0.0	16.67	0.0	0.0	0.0	0.0	0.0	0.0	16.67	0.0	0.0	16.67	0.0	0.0	0.0	0.0	0.0	0.0	0.0	16.67	0.0	0.0	0.0	0.0
BURNETT	13	13.0	0.0	0.0	0.0	0.0	0.0	0.0	0.0	0.0	0.0	0.0	0.0	0.0	0.0	0.0	0.0	7.69	15.38	7.69	0.0	7.69	0.0	15.38	0.0	0.0	0.0	0.0	23.08	0.0	0.0	7.69	7.69	0.0	0.0	0.0	0.0	61.54	0.0	0.0	0.0	7.69	0.0	0.0	7.69	0.0	0.0	0.0	0.0	7.69	0.0	7.69	7.69	7.69	0.0	0.0	7.69	0.0	7.69	15.38	15.38	23.08	15.38	0.0	15.38	0.0	0.0	0.0	0.0	7.69	15.38	0.0	0.0	7.69	0.0	7.69	38.46	7.69	0.0	0.0
LOWREY	23	23.0	0.0	0.0	0.0	0.0	0.0	0.0	0.0	0.0	0.0	0.0	0.0	0.0	0.0	8.70	0.0	8.70	4.35	0.0	0.0	13.04	0.0	13.04	0.0	0.0	4.35	0.0	8.70	4.35	0.0	0.0	0.0	0.0	0.0	0.0	0.0	65.22	0.0	0.0	0.0	0.0	0.0	8.70	4.35	0.0	0.0	0.0	0.0	0.0	0.0	0.0	0.0	4.35	0.0	0.0	0.0	0.0	0.0	13.04	17.39	13.04	13.04	0.0	26.09	0.0	4.35	0.0	0.0	4.35	8.70	21.74	0.0	0.0	0.0	4.35	13.04	0.0	0.0	0.0
MORNING	25	25.0	0.0	0.0	0.0	0.0	0.0	0.0	0.0	0.0	0.0	0.0	0.0	0.0	0.0	16.00	0.0	0.0	0.0	0.0	0.0	12.00	0.0	0.0	0.0	0.0	0.0	0.0	20.00	12.00	0.0	0.0	4.00	0.0	0.0	0.0	0.0	56.00	0.0	0.0	0.0	0.0	0.0	0.0	12.00	0.0	0.0	0.0	0.0	0.0	0.0	12.00	0.0	0.0	0.0	0.0	0.0	0.0	0.0	8.00	24.00	4.00	8.00	4.00	20.00	0.0	0.0	0.0	0.0	8.00	8.00	8.00	0.0	4.00	0.0	0.0	4.00	0.0	0.0	0.0
BURNETT	8	8.0	0.0	0.0	0.0	0.0	0.0	0.0	0.0	0.0	0.0	0.0	0.0	0.0	0.0	0.0	0.0	0.0	12.50	0.0	0.0	0.0	0.0	25.00	0.0	0.0	12.50	0.0	12.50	0.0	0.0	0.0	0.0	0.0	0.0	0.0	0.0	75.00	0.0	0.0	0.0	0.0	0.0	0.0	0.0	0.0	0.0	0.0	12.50	0.0	0.0	12.50	0.0	12.50	0.0	0.0	12.50	0.0	0.0	50.00	0.0	25.00	62.50	0.0	37.50	0.0	12.50	0.0	0.0	0.0	50.00	25.00	0.0	0.0	25.00	0.0	50.00	25.00	0.0	0.0
BURNETT	42	42.0	0.0	0.0	0.0	0.0	0.0	0.0	0.0	0.0	0.0	0.0	0.0	0.0	0.0	2.38	0.0	7.14	7.14	0.0	0.0	7.14	2.38	16.67	2.38	2.38	2.38	0.0	14.29	4.76	0.0	0.0	2.38	0.0	0.0	0.0	0.0	57.14	7.14	0.0	2.38	0.0	0.0	4.76	7.14	0.0	2.38	0.0	2.38	0.0	0.0	0.0	0.0	2.38	0.0	2.38	2.38	4.76	4.76	19.05	9.52	9.52	21.43	0.0	16.67	0.0	2.38	0.0	2.38	0.0	19.05	11.90	2.38	0.0	0.0	4.76	21.43	7.14	0.0	7.14
JULIE	18	18.0	0.0	0.0	0.0	0.0	0.0	0.0	0.0	0.0	0.0	0.0	0.0	0.0	0.0	0.0	0.0	0.0	11.11	0.0	0.0	0.0	0.0	11.11	5.56	5.56	0.0	0.0	5.56	0.0	0.0	0.0	0.0	0.0	0.0	0.0	0.0	50.00	0.0	0.0	5.56	0.0	0.0	5.56	0.0	0.0	5.56	0.0	11.11	0.0	0.0	0.0	5.56	11.11	0.0	0.0	5.56	11.11	0.0	16.67	11.11	16.67	27.78	0.0	22.22	0.0	11.11	5.56	0.0	11.11	16.67	16.67	0.0	0.0	0.0	5.56	22.22	0.0	0.0	0.0
QUINCY	6	6.0	0.0	0.0	0.0	0.0	0.0	0.0	0.0	0.0	0.0	0.0	0.0	0.0	0.0	0.0	0.0	0.0	0.0	0.0	0.0	0.0	0.0	16.67	0.0	0.0	0.0	0.0	16.67	16.67	0.0	0.0	0.0	33.33	0.0	0.0	0.0	50.00	0.0	0.0	0.0	0.0	0.0	0.0	16.67	0.0	0.0	0.0	33.33	0.0	0.0	0.0	0.0	0.0	0.0	0.0	0.0	0.0	0.0	0.0	0.0	16.67	33.33	0.0	0.0	0.0	0.0	0.0	0.0	0.0	50.00	0.0	0.0	0.0	0.0	0.0	16.67	0.0	0.0	0.0
NEWS ANCHOR	67	67.0	0.0	0.0	0.0	0.0	0.0	0.0	1.49	0.0	0.0	0.0	0.0	0.0	0.0	23.88	1.49	1.49	1.49	1.49	0.0	5.97	0.0	5.97	1.49	0.0	0.0	0.0	8.96	2.99	1.49	0.0	1.49	0.0	0.0	0.0	1.49	43.28	1.49	1.49	1.49	2.99	1.49	2.99	2.99	0.0	0.0	1.49	1.49	1.49	0.0	1.49	1.49	1.49	0.0	2.99	5.97	1.49	0.0	7.46	13.43	1.49	8.96	2.99	23.88	0.0	0.0	0.0	0.0	0.0	13.43	10.45	0.0	2.99	0.0	11.94	10.45	2.99	10.45	1.49
CHET	45	45.0	0.0	0.0	0.0	0.0	0.0	0.0	0.0	0.0	0.0	0.0	0.0	0.0	0.0	20.00	2.22	0.0	0.0	0.0	0.0	11.11	0.0	8.89	2.22	2.22	0.0	4.44	6.67	4.44	0.0	2.22	0.0	0.0	0.0	0.0	0.0	57.78	2.22	0.0	2.22	0.0	2.22	0.0	2.22	0.0	0.0	0.0	2.22	0.0	0.0	6.67	0.0	0.0	0.0	0.0	2.22	2.22	0.0	20.00	13.33	8.89	22.22	4.44	17.78	0.0	0.0	0.0	0.0	17.78	26.67	6.67	0.0	0.0	0.0	2.22	15.56	2.22	0.0	0.0
JULIE	39	39.0	0.0	0.0	0.0	0.0	0.0	0.0	0.0	0.0	0.0	0.0	0.0	0.0	0.0	7.69	2.56	10.26	5.13	0.0	0.0	5.13	0.0	15.38	5.13	5.13	0.0	0.0	7.69	10.26	0.0	0.0	0.0	0.0	0.0	0.0	0.0	64.10	2.56	0.0	0.0	0.0	0.0	5.13	2.56	0.0	0.0	0.0	17.95	0.0	2.56	0.0	0.0	2.56	0.0	2.56	0.0	2.56	2.56	7.69	7.69	17.95	25.64	2.56	12.82	0.0	2.56	2.56	2.56	0.0	7.69	7.69	2.56	5.13	0.0	5.13	23.08	0.0	0.0	2.56
JULIE	44	44.0	2.27	2.27	0.0	0.0	2.27	0.0	0.0	0.0	0.0	0.0	0.0	0.0	0.0	13.64	0.0	2.27	2.27	2.27	0.0	6.82	2.27	9.09	0.0	0.0	0.0	0.0	13.64	6.82	2.27	2.27	4.55	0.0	0.0	0.0	0.0	56.82	2.27	0.0	0.0	0.0	0.0	9.09	4.55	0.0	0.0	2.27	6.82	0.0	0.0	2.27	0.0	2.27	0.0	9.09	4.55	2.27	0.0	13.64	6.82	9.09	20.45	4.55	18.18	0.0	0.0	2.27	0.0	2.27	6.82	13.64	0.0	2.27	0.0	2.27	15.91	0.0	0.0	2.27
LOWREY	25	25.0	0.0	0.0	0.0	0.0	0.0	0.0	0.0	0.0	0.0	0.0	0.0	0.0	0.0	8.00	0.0	4.00	12.00	8.00	0.0	4.00	0.0	8.00	12.00	12.00	0.0	0.0	12.00	4.00	0.0	0.0	0.0	0.0	0.0	0.0	4.00	40.00	0.0	0.0	0.0	0.0	4.00	4.00	4.00	0.0	8.00	0.0	0.0	0.0	0.0	0.0	4.00	8.00	0.0	0.0	0.0	12.00	4.00	16.00	8.00	20.00	16.00	0.0	8.00	4.00	0.0	8.00	0.0	4.00	28.00	4.00	8.00	0.0	0.0	4.00	20.00	4.00	0.0	4.00
LOWREY	26	26.0	3.85	0.0	0.0	0.0	3.85	0.0	0.0	0.0	0.0	0.0	0.0	0.0	0.0	23.08	0.0	7.69	7.69	0.0	0.0	0.0	0.0	15.38	0.0	0.0	3.85	0.0	11.54	3.85	0.0	0.0	3.85	0.0	0.0	0.0	0.0	57.69	0.0	0.0	0.0	0.0	0.0	0.0	3.85	0.0	0.0	0.0	23.08	0.0	0.0	3.85	11.54	7.69	0.0	0.0	0.0	3.85	0.0	3.85	3.85	19.23	26.92	3.85	26.92	0.0	7.69	3.85	0.0	3.85	3.85	19.23	0.0	0.0	0.0	3.85	19.23	0.0	0.0	0.0
LOWREY	40	40.0	5.00	0.0	0.0	0.0	5.00	0.0	0.0	0.0	0.0	0.0	0.0	0.0	0.0	2.50	0.0	5.00	5.00	2.50	0.0	0.0	0.0	10.00	0.0	0.0	5.00	0.0	22.50	5.00	0.0	5.00	0.0	0.0	0.0	0.0	0.0	52.50	0.0	0.0	0.0	0.0	0.0	10.00	5.00	0.0	0.0	7.50	0.0	0.0	0.0	0.0	2.50	5.00	0.0	0.0	10.00	0.0	0.0	27.50	7.50	12.50	27.50	0.0	2.50	2.50	2.50	0.0	0.0	0.0	22.50	2.50	0.0	0.0	0.0	0.0	25.00	2.50	0.0	15.00
JULIE	77	77.0	0.0	0.0	0.0	0.0	0.0	0.0	0.0	0.0	0.0	0.0	0.0	0.0	0.0	16.88	0.0	5.19	5.19	2.60	0.0	7.79	0.0	2.60	3.90	2.60	2.60	0.0	12.99	2.60	0.0	2.60	1.30	0.0	0.0	0.0	0.0	50.65	0.0	0.0	1.30	2.60	0.0	2.60	3.90	0.0	1.30	1.30	2.60	0.0	0.0	1.30	0.0	5.19	0.0	2.60	5.19	1.30	0.0	18.18	9.09	9.09	20.78	1.30	16.88	1.30	2.60	0.0	1.30	7.79	19.48	9.09	1.30	0.0	0.0	5.19	14.29	1.30	0.0	6.49
FOUCHET	8	8.0	0.0	0.0	0.0	0.0	0.0	0.0	0.0	0.0	0.0	0.0	0.0	0.0	0.0	12.50	0.0	0.0	0.0	0.0	0.0	0.0	0.0	0.0	0.0	0.0	0.0	0.0	37.50	12.50	0.0	0.0	12.50	0.0	0.0	0.0	0.0	50.00	0.0	0.0	0.0	0.0	0.0	0.0	25.00	0.0	0.0	0.0	0.0	0.0	0.0	12.50	0.0	0.0	0.0	0.0	0.0	0.0	0.0	0.0	25.00	0.0	0.0	12.50	25.00	0.0	0.0	0.0	0.0	0.0	0.0	12.50	0.0	0.0	0.0	0.0	0.0	0.0	0.0	0.0
LOWREY	4	4.0	0.0	0.0	0.0	0.0	0.0	0.0	0.0	0.0	0.0	0.0	0.0	0.0	0.0	25.00	0.0	25.00	0.0	0.0	0.0	0.0	0.0	0.0	0.0	0.0	0.0	0.0	0.0	0.0	0.0	0.0	0.0	0.0	0.0	0.0	0.0	25.00	0.0	0.0	0.0	0.0	0.0	0.0	0.0	0.0	0.0	0.0	0.0	0.0	0.0	0.0	0.0	0.0	0.0	0.0	0.0	0.0	0.0	0.0	0.0	0.0	0.0	0.0	50.00	0.0	0.0	0.0	0.0	0.0	0.0	0.0	0.0	0.0	0.0	25.00	0.0	0.0	0.0	0.0
BURNETT	16	16.0	0.0	0.0	0.0	0.0	0.0	0.0	0.0	0.0	0.0	0.0	0.0	0.0	0.0	18.75	0.0	6.25	6.25	6.25	0.0	12.50	0.0	0.0	0.0	0.0	6.25	0.0	12.50	6.25	0.0	0.0	0.0	0.0	0.0	0.0	0.0	50.00	0.0	0.0	0.0	0.0	0.0	0.0	6.25	0.0	0.0	0.0	0.0	0.0	0.0	6.25	0.0	6.25	0.0	0.0	0.0	0.0	0.0	6.25	25.00	0.0	6.25	0.0	37.50	0.0	0.0	0.0	0.0	6.25	6.25	25.00	0.0	0.0	0.0	6.25	0.0	0.0	0.0	0.0
LOWREY	8	8.0	0.0	0.0	0.0	0.0	0.0	0.0	0.0	0.0	0.0	0.0	0.0	0.0	0.0	12.50	0.0	0.0	0.0	0.0	0.0	12.50	0.0	0.0	0.0	0.0	0.0	0.0	0.0	12.50	0.0	0.0	0.0	0.0	0.0	0.0	0.0	37.50	0.0	0.0	0.0	0.0	0.0	0.0	0.0	0.0	0.0	0.0	0.0	0.0	0.0	0.0	0.0	0.0	0.0	0.0	0.0	0.0	0.0	0.0	25.00	0.0	0.0	0.0	12.50	0.0	0.0	0.0	0.0	0.0	0.0	0.0	0.0	0.0	0.0	12.50	0.0	0.0	0.0	0.0
JULIE	10	10.0	10.00	0.0	0.0	0.0	10.00	0.0	0.0	0.0	0.0	0.0	0.0	0.0	0.0	10.00	0.0	10.00	0.0	0.0	0.0	10.00	0.0	0.0	0.0	0.0	0.0	0.0	0.0	10.00	0.0	0.0	0.0	0.0	0.0	0.0	0.0	50.00	0.0	0.0	0.0	0.0	0.0	0.0	0.0	0.0	0.0	0.0	0.0	0.0	0.0	0.0	0.0	0.0	0.0	0.0	0.0	0.0	0.0	0.0	30.00	0.0	0.0	0.0	50.00	0.0	0.0	0.0	0.0	0.0	0.0	40.00	0.0	0.0	0.0	10.00	0.0	0.0	0.0	0.0
FOUCHET	47	47.0	0.0	0.0	0.0	0.0	0.0	0.0	0.0	0.0	0.0	0.0	0.0	0.0	0.0	10.64	0.0	0.0	2.13	0.0	0.0	6.38	0.0	2.13	6.38	6.38	0.0	0.0	14.89	10.64	0.0	0.0	0.0	0.0	8.51	0.0	0.0	51.06	0.0	0.0	0.0	0.0	0.0	0.0	14.89	0.0	0.0	0.0	0.0	0.0	2.13	6.38	0.0	0.0	0.0	4.26	0.0	8.51	2.13	8.51	21.28	4.26	8.51	0.0	19.15	0.0	0.0	0.0	0.0	6.38	8.51	10.64	0.0	0.0	0.0	6.38	6.38	2.13	2.13	0.0
LOWREY	14	14.0	7.14	0.0	0.0	0.0	7.14	0.0	0.0	0.0	0.0	0.0	0.0	0.0	0.0	21.43	0.0	7.14	7.14	0.0	0.0	7.14	0.0	0.0	0.0	0.0	0.0	0.0	14.29	7.14	0.0	0.0	0.0	0.0	0.0	0.0	0.0	35.71	0.0	0.0	0.0	0.0	0.0	0.0	14.29	0.0	0.0	0.0	0.0	7.14	0.0	7.14	0.0	7.14	0.0	0.0	0.0	0.0	0.0	7.14	14.29	0.0	7.14	0.0	35.71	0.0	7.14	0.0	0.0	0.0	7.14	14.29	0.0	0.0	7.14	14.29	0.0	0.0	0.0	0.0
her.	34	34.0	2.94	0.0	0.0	0.0	2.94	0.0	0.0	0.0	0.0	0.0	0.0	0.0	0.0	26.47	0.0	2.94	2.94	0.0	0.0	5.88	0.0	8.82	2.94	0.0	0.0	0.0	17.65	8.82	0.0	0.0	5.88	0.0	2.94	0.0	0.0	50.00	0.0	0.0	0.0	5.88	0.0	5.88	8.82	0.0	0.0	0.0	5.88	0.0	0.0	2.94	2.94	0.0	0.0	0.0	0.0	2.94	2.94	11.76	8.82	11.76	17.65	0.0	14.71	0.0	0.0	0.0	2.94	2.94	14.71	11.76	0.0	2.94	0.0	0.0	14.71	0.0	0.0	2.94
her.	
FOUCHET	32	32.0	0.0	0.0	0.0	0.0	0.0	0.0	0.0	0.0	0.0	0.0	0.0	0.0	0.0	6.25	0.0	0.0	0.0	0.0	0.0	18.75	0.0	6.25	3.12	0.0	0.0	3.12	21.88	3.12	0.0	0.0	0.0	0.0	0.0	0.0	0.0	62.50	0.0	3.12	0.0	3.12	0.0	0.0	18.75	0.0	0.0	0.0	0.0	0.0	0.0	6.25	0.0	0.0	0.0	3.12	0.0	0.0	0.0	3.12	25.00	3.12	3.12	3.12	25.00	0.0	0.0	0.0	0.0	0.0	3.12	18.75	0.0	0.0	3.12	0.0	6.25	0.0	0.0	0.0
LOWREY	27	27.0	0.0	0.0	0.0	0.0	0.0	0.0	0.0	0.0	0.0	0.0	0.0	0.0	0.0	11.11	0.0	0.0	3.70	0.0	0.0	11.11	0.0	0.0	0.0	0.0	0.0	0.0	11.11	11.11	0.0	0.0	0.0	0.0	0.0	0.0	0.0	40.74	0.0	0.0	0.0	0.0	7.41	0.0	7.41	0.0	3.70	0.0	0.0	0.0	0.0	3.70	0.0	3.70	0.0	0.0	0.0	0.0	0.0	3.70	18.52	0.0	3.70	0.0	33.33	0.0	3.70	0.0	0.0	3.70	11.11	18.52	0.0	0.0	0.0	11.11	0.0	0.0	0.0	0.0
FOUCHET	28	28.0	3.57	0.0	0.0	0.0	3.57	0.0	0.0	0.0	0.0	0.0	0.0	0.0	0.0	17.86	0.0	3.57	0.0	0.0	0.0	14.29	0.0	3.57	0.0	0.0	0.0	0.0	10.71	7.14	0.0	0.0	0.0	0.0	0.0	0.0	0.0	53.57	0.0	0.0	0.0	0.0	0.0	0.0	3.57	0.0	0.0	3.57	3.57	0.0	0.0	0.0	0.0	0.0	0.0	0.0	3.57	3.57	0.0	7.14	17.86	10.71	10.71	0.0	21.43	0.0	0.0	3.57	0.0	7.14	14.29	14.29	0.0	3.57	0.0	7.14	14.29	0.0	0.0	0.0
HOWARD	104	104.0	0.0	0.0	0.0	0.0	0.0	0.0	0.0	0.0	0.0	0.0	0.0	0.0	0.0	9.62	1.92	5.77	8.65	0.96	0.0	7.69	0.96	4.81	2.88	1.92	0.0	0.0	7.69	6.73	0.0	0.0	0.96	0.0	1.92	0.0	0.0	54.81	0.0	0.0	1.92	0.0	3.85	5.77	4.81	0.0	0.0	0.96	6.73	1.92	0.0	1.92	0.0	8.65	0.0	0.96	2.88	3.85	0.0	16.35	10.58	9.62	23.08	0.96	18.27	0.0	7.69	0.0	0.96	6.73	16.35	9.62	0.96	0.96	0.0	5.77	13.46	1.92	0.0	1.92
HOWARD	
FOUCHET	38	38.0	0.0	0.0	0.0	0.0	0.0	0.0	0.0	0.0	0.0	0.0	0.0	0.0	0.0	10.53	0.0	5.26	13.16	10.53	2.63	10.53	0.0	5.26	5.26	2.63	2.63	0.0	15.79	7.89	5.26	0.0	5.26	0.0	0.0	0.0	0.0	50.00	0.0	0.0	0.0	0.0	2.63	7.89	7.89	0.0	0.0	0.0	2.63	0.0	0.0	0.0	0.0	13.16	0.0	2.63	0.0	0.0	0.0	7.89	7.89	10.53	10.53	0.0	21.05	0.0	0.0	0.0	2.63	0.0	5.26	7.89	5.26	0.0	0.0	10.53	10.53	0.0	0.0	0.0
LOWREY	66	66.0	1.52	1.52	0.0	0.0	0.0	0.0	0.0	0.0	1.52	0.0	0.0	0.0	0.0	12.12	0.0	4.55	6.06	4.55	0.0	9.09	1.52	9.09	3.03	3.03	4.55	0.0	6.06	4.55	4.55	0.0	0.0	0.0	1.52	0.0	0.0	57.58	3.03	0.0	0.0	3.03	1.52	10.61	1.52	0.0	0.0	0.0	6.06	0.0	0.0	1.52	0.0	4.55	0.0	0.0	0.0	1.52	1.52	24.24	10.61	9.09	30.30	0.0	13.64	0.0	0.0	0.0	0.0	0.0	16.67	7.58	4.55	0.0	0.0	4.55	13.64	1.52	0.0	12.12
BURNETT	21	21.0	0.0	0.0	0.0	0.0	0.0	0.0	0.0	0.0	0.0	0.0	0.0	0.0	0.0	4.76	0.0	14.29	0.0	0.0	0.0	0.0	0.0	23.81	0.0	0.0	4.76	4.76	38.10	14.29	0.0	0.0	0.0	0.0	0.0	0.0	0.0	85.71	4.76	0.0	0.0	0.0	0.0	0.0	19.05	0.0	0.0	9.52	9.52	0.0	0.0	4.76	0.0	0.0	0.0	0.0	4.76	0.0	0.0	28.57	14.29	23.81	38.10	4.76	19.05	0.0	0.0	0.0	0.0	14.29	28.57	9.52	0.0	0.0	0.0	4.76	38.10	14.29	0.0	0.0
LOWREY	42	42.0	0.0	0.0	0.0	0.0	0.0	0.0	0.0	0.0	0.0	0.0	0.0	0.0	0.0	16.67	0.0	4.76	2.38	2.38	0.0	4.76	0.0	7.14	2.38	0.0	0.0	0.0	11.90	0.0	2.38	0.0	2.38	0.0	0.0	0.0	0.0	47.62	2.38	0.0	0.0	0.0	0.0	0.0	2.38	2.38	2.38	2.38	2.38	2.38	2.38	2.38	0.0	2.38	0.0	9.52	4.76	0.0	0.0	19.05	7.14	7.14	21.43	0.0	9.52	4.76	0.0	0.0	0.0	16.67	21.43	4.76	0.0	2.38	0.0	2.38	14.29	0.0	0.0	2.38
LOWREY	11	11.0	0.0	0.0	0.0	0.0	0.0	0.0	0.0	0.0	0.0	0.0	0.0	0.0	0.0	0.0	0.0	0.0	0.0	0.0	0.0	9.09	0.0	18.18	0.0	0.0	0.0	0.0	18.18	9.09	9.09	9.09	9.09	0.0	0.0	0.0	0.0	90.91	0.0	0.0	0.0	0.0	0.0	18.18	9.09	0.0	0.0	0.0	18.18	0.0	0.0	0.0	0.0	0.0	0.0	0.0	9.09	0.0	0.0	27.27	9.09	18.18	45.45	9.09	0.0	0.0	0.0	0.0	0.0	9.09	9.09	0.0	0.0	9.09	0.0	0.0	27.27	0.0	0.0	0.0
BURNETT	3	3.0	0.0	0.0	0.0	0.0	0.0	0.0	0.0	0.0	0.0	0.0	0.0	0.0	0.0	0.0	0.0	0.0	0.0	0.0	0.0	0.0	0.0	0.0	0.0	0.0	0.0	0.0	0.0	0.0	0.0	0.0	0.0	0.0	0.0	0.0	0.0	33.33	0.0	0.0	0.0	0.0	0.0	0.0	0.0	0.0	0.0	0.0	0.0	0.0	0.0	0.0	0.0	0.0	0.0	33.33	0.0	0.0	0.0	0.0	0.0	0.0	0.0	0.0	33.33	33.33	0.0	0.0	0.0	0.0	0.0	33.33	0.0	0.0	0.0	0.0	0.0	0.0	0.0	0.0
past.	137	137.0	0.73	0.0	0.0	0.0	0.0	0.0	0.0	0.0	0.73	0.0	0.0	0.0	0.0	18.98	0.73	4.38	7.30	0.73	2.19	3.65	0.0	10.22	2.92	0.0	0.0	2.19	15.33	4.38	0.0	3.65	2.92	0.73	0.0	0.0	0.73	62.04	0.0	1.46	1.46	0.0	1.46	9.49	2.19	1.46	0.0	2.92	4.38	2.92	0.0	1.46	1.46	4.38	0.0	0.73	11.68	2.92	2.92	22.63	12.41	4.38	27.01	3.65	10.95	0.73	1.46	1.46	0.0	8.03	19.71	5.11	0.0	5.84	2.92	4.38	18.25	0.73	2.92	1.46
FOUCHET	1	1.0	0.0	0.0	0.0	0.0	0.0	0.0	0.0	0.0	0.0	0.0	0.0	0.0	0.0	0.0	0.0	0.0	0.0	0.0	0.0	0.0	100.00	0.0	0.0	0.0	0.0	0.0	0.0	0.0	0.0	0.0	0.0	0.0	0.0	0.0	0.0	0.0	0.0	0.0	0.0	0.0	0.0	0.0	0.0	0.0	0.0	0.0	0.0	0.0	0.0	0.0	0.0	0.0	0.0	0.0	0.0	0.0	0.0	0.0	0.0	0.0	0.0	0.0	0.0	0.0	0.0	0.0	0.0	0.0	0.0	0.0	0.0	0.0	0.0	0.0	0.0	0.0	0.0	0.0
extension.	10	10.0	0.0	0.0	0.0	0.0	0.0	0.0	0.0	0.0	0.0	0.0	0.0	0.0	0.0	30.00	0.0	0.0	0.0	0.0	0.0	0.0	0.0	10.00	0.0	0.0	0.0	0.0	20.00	0.0	0.0	0.0	0.0	0.0	0.0	0.0	0.0	60.00	0.0	0.0	0.0	0.0	10.00	10.00	0.0	0.0	0.0	10.00	0.0	0.0	0.0	0.0	0.0	0.0	0.0	0.0	0.0	0.0	0.0	20.00	10.00	10.00	20.00	20.00	0.0	0.0	0.0	0.0	0.0	0.0	20.00	0.0	0.0	10.00	0.0	0.0	10.00	0.0	0.0	10.00
FOUCHET	40	40.0	0.0	0.0	0.0	0.0	0.0	0.0	0.0	0.0	0.0	0.0	0.0	0.0	0.0	15.00	0.0	5.00	0.0	0.0	0.0	5.00	2.50	7.50	0.0	0.0	2.50	5.00	12.50	2.50	0.0	0.0	2.50	0.0	0.0	0.0	0.0	52.50	0.0	0.0	0.0	0.0	0.0	0.0	0.0	0.0	0.0	2.50	7.50	0.0	0.0	2.50	0.0	0.0	0.0	2.50	2.50	0.0	0.0	7.50	12.50	10.00	15.00	7.50	15.00	0.0	0.0	0.0	0.0	0.0	12.50	10.00	0.0	0.0	7.50	2.50	12.50	0.0	2.50	0.0
FRANCINE	16	16.0	0.0	0.0	0.0	0.0	0.0	0.0	0.0	0.0	0.0	0.0	0.0	0.0	0.0	18.75	6.25	12.50	12.50	0.0	0.0	6.25	6.25	25.00	0.0	0.0	0.0	6.25	6.25	0.0	0.0	0.0	0.0	0.0	0.0	0.0	0.0	81.25	0.0	0.0	0.0	6.25	0.0	25.00	0.0	0.0	0.0	0.0	0.0	0.0	0.0	0.0	0.0	0.0	0.0	0.0	6.25	0.0	12.50	43.75	6.25	18.75	43.75	6.25	12.50	0.0	0.0	0.0	0.0	6.25	18.75	6.25	0.0	0.0	0.0	6.25	25.00	0.0	0.0	12.50
SANCHEZ	19	19.0	0.0	0.0	0.0	0.0	0.0	0.0	0.0	0.0	0.0	0.0	0.0	0.0	0.0	5.26	0.0	0.0	0.0	0.0	0.0	0.0	0.0	5.26	0.0	0.0	0.0	0.0	10.53	10.53	0.0	0.0	0.0	5.26	0.0	0.0	0.0	47.37	0.0	0.0	5.26	0.0	0.0	0.0	5.26	0.0	5.26	0.0	0.0	0.0	0.0	0.0	0.0	0.0	0.0	0.0	10.53	5.26	0.0	26.32	15.79	10.53	26.32	0.0	10.53	0.0	0.0	0.0	0.0	21.05	47.37	5.26	0.0	0.0	0.0	5.26	21.05	5.26	0.0	0.0
BURNETT	9	9.0	0.0	0.0	0.0	0.0	0.0	0.0	0.0	0.0	0.0	0.0	0.0	0.0	0.0	0.0	0.0	11.11	0.0	0.0	0.0	0.0	0.0	11.11	0.0	0.0	0.0	0.0	33.33	0.0	0.0	11.11	0.0	0.0	0.0	0.0	0.0	55.56	11.11	0.0	0.0	0.0	0.0	0.0	11.11	0.0	0.0	0.0	0.0	0.0	0.0	0.0	0.0	0.0	0.0	0.0	0.0	0.0	0.0	33.33	0.0	22.22	33.33	11.11	11.11	0.0	0.0	0.0	0.0	11.11	55.56	0.0	0.0	11.11	0.0	11.11	33.33	22.22	0.0	0.0
SANCHEZ	20	20.0	0.0	0.0	0.0	0.0	0.0	0.0	0.0	0.0	0.0	0.0	0.0	0.0	0.0	20.00	5.00	0.0	10.00	5.00	0.0	10.00	0.0	10.00	0.0	0.0	5.00	0.0	20.00	5.00	0.0	5.00	5.00	0.0	0.0	0.0	0.0	55.00	0.0	0.0	0.0	0.0	0.0	0.0	10.00	0.0	0.0	0.0	0.0	0.0	0.0	0.0	0.0	5.00	0.0	0.0	0.0	5.00	5.00	20.00	10.00	15.00	20.00	0.0	20.00	0.0	0.0	5.00	0.0	0.0	20.00	15.00	0.0	5.00	10.00	5.00	15.00	10.00	0.0	0.0
DAY	17	17.0	0.0	0.0	0.0	0.0	0.0	0.0	0.0	0.0	0.0	0.0	0.0	0.0	0.0	5.88	0.0	0.0	5.88	0.0	0.0	23.53	0.0	0.0	0.0	0.0	5.88	0.0	11.76	11.76	5.88	0.0	0.0	0.0	0.0	0.0	0.0	47.06	0.0	0.0	0.0	0.0	0.0	0.0	5.88	0.0	0.0	0.0	0.0	0.0	0.0	0.0	0.0	5.88	0.0	0.0	0.0	0.0	0.0	0.0	17.65	11.76	0.0	0.0	23.53	0.0	5.88	0.0	0.0	0.0	0.0	17.65	0.0	0.0	0.0	5.88	11.76	0.0	0.0	0.0
AIRFIELD	26	26.0	0.0	0.0	0.0	0.0	0.0	0.0	0.0	0.0	0.0	0.0	0.0	0.0	0.0	15.38	0.0	3.85	0.0	0.0	0.0	15.38	0.0	0.0	0.0	0.0	0.0	0.0	11.54	11.54	0.0	0.0	3.85	0.0	0.0	0.0	0.0	53.85	0.0	0.0	0.0	0.0	0.0	0.0	7.69	0.0	0.0	0.0	3.85	0.0	0.0	0.0	0.0	0.0	0.0	7.69	0.0	0.0	0.0	0.0	15.38	0.0	3.85	0.0	23.08	0.0	0.0	0.0	0.0	0.0	0.0	19.23	0.0	3.85	0.0	3.85	0.0	0.0	0.0	0.0
BURNETT	13	13.0	0.0	0.0	0.0	0.0	0.0	0.0	0.0	0.0	0.0	0.0	0.0	0.0	0.0	23.08	0.0	7.69	0.0	0.0	0.0	15.38	0.0	23.08	0.0	0.0	7.69	0.0	7.69	0.0	0.0	0.0	0.0	0.0	0.0	0.0	0.0	84.62	0.0	0.0	0.0	0.0	0.0	0.0	0.0	0.0	0.0	0.0	38.46	0.0	0.0	0.0	0.0	0.0	0.0	0.0	0.0	0.0	0.0	15.38	0.0	23.08	53.85	0.0	7.69	0.0	0.0	0.0	0.0	0.0	23.08	7.69	0.0	0.0	15.38	0.0	23.08	0.0	0.0	0.0
BUYER	12	12.0	0.0	0.0	0.0	0.0	0.0	0.0	0.0	0.0	0.0	0.0	0.0	0.0	0.0	16.67	0.0	25.00	0.0	0.0	0.0	0.0	0.0	0.0	0.0	0.0	0.0	0.0	8.33	8.33	0.0	0.0	0.0	0.0	0.0	0.0	0.0	75.00	0.0	0.0	0.0	0.0	0.0	0.0	8.33	0.0	0.0	0.0	0.0	0.0	0.0	0.0	0.0	0.0	0.0	25.00	0.0	0.0	0.0	0.0	8.33	0.0	0.0	8.33	0.0	0.0	0.0	0.0	0.0	0.0	0.0	0.0	0.0	0.0	0.0	0.0	0.0	0.0	0.0	0.0
ON JULIE	29	29.0	0.0	0.0	0.0	0.0	0.0	0.0	0.0	0.0	0.0	0.0	0.0	0.0	0.0	13.79	0.0	3.45	0.0	0.0	0.0	17.24	0.0	0.0	0.0	0.0	0.0	0.0	3.45	6.90	0.0	0.0	0.0	0.0	0.0	0.0	0.0	62.07	0.0	0.0	0.0	3.45	0.0	0.0	3.45	0.0	0.0	0.0	3.45	0.0	3.45	6.90	0.0	0.0	0.0	0.0	0.0	0.0	0.0	6.90	20.69	3.45	10.34	6.90	6.90	0.0	0.0	0.0	0.0	6.90	17.24	0.0	0.0	0.0	0.0	0.0	3.45	0.0	0.0	0.0
LOWREY	48	48.0	0.0	0.0	0.0	0.0	0.0	0.0	0.0	0.0	0.0	0.0	0.0	0.0	0.0	14.58	4.17	0.0	6.25	2.08	0.0	14.58	0.0	2.08	0.0	0.0	0.0	2.08	16.67	12.50	0.0	0.0	4.17	0.0	0.0	0.0	0.0	45.83	0.0	0.0	0.0	0.0	0.0	0.0	10.42	0.0	0.0	0.0	4.17	0.0	0.0	6.25	0.0	6.25	0.0	0.0	0.0	0.0	0.0	2.08	10.42	2.08	6.25	0.0	18.75	0.0	4.17	0.0	0.0	0.0	2.08	12.50	0.0	2.08	2.08	0.0	2.08	0.0	0.0	0.0
SANCHEZ	35	35.0	2.86	0.0	0.0	0.0	2.86	0.0	0.0	0.0	0.0	0.0	0.0	0.0	0.0	14.29	0.0	2.86	2.86	0.0	0.0	5.71	0.0	2.86	2.86	2.86	2.86	0.0	17.14	5.71	0.0	0.0	2.86	0.0	2.86	0.0	0.0	42.86	0.0	0.0	0.0	0.0	2.86	0.0	8.57	0.0	0.0	2.86	0.0	0.0	0.0	5.71	2.86	2.86	0.0	2.86	0.0	2.86	0.0	11.43	5.71	8.57	11.43	5.71	20.00	0.0	0.0	0.0	0.0	0.0	14.29	5.71	0.0	0.0	8.57	8.57	8.57	2.86	0.0	0.0
LOWREY	6	6.0	0.0	0.0	0.0	0.0	0.0	0.0	0.0	0.0	0.0	0.0	0.0	0.0	0.0	16.67	0.0	0.0	0.0	0.0	0.0	0.0	0.0	0.0	0.0	0.0	0.0	0.0	0.0	0.0	0.0	0.0	0.0	0.0	0.0	0.0	0.0	16.67	0.0	0.0	16.67	0.0	0.0	0.0	0.0	0.0	0.0	0.0	0.0	0.0	0.0	0.0	0.0	0.0	0.0	0.0	0.0	16.67	0.0	16.67	0.0	0.0	16.67	0.0	0.0	0.0	0.0	0.0	0.0	16.67	16.67	0.0	0.0	0.0	0.0	0.0	0.0	0.0	0.0	0.0
FOUCHET	105	105.0	0.95	0.0	0.0	0.0	0.95	0.0	0.0	0.0	0.0	0.0	0.0	0.0	0.0	7.62	0.0	4.76	6.67	1.90	0.0	7.62	0.0	11.43	1.90	0.95	0.0	0.95	15.24	7.62	2.86	0.95	5.71	0.0	0.0	0.0	0.0	61.90	0.95	0.0	0.0	0.0	0.95	3.81	6.67	0.0	1.90	0.0	4.76	0.0	0.95	7.62	0.95	4.76	0.0	0.0	2.86	1.90	1.90	20.95	7.62	15.24	25.71	2.86	21.90	0.0	2.86	1.90	0.95	9.52	18.10	12.38	0.95	1.90	0.0	1.90	20.00	3.81	0.0	3.81
FOUCHET	21	21.0	4.76	0.0	0.0	0.0	4.76	0.0	0.0	0.0	0.0	0.0	0.0	0.0	0.0	19.05	0.0	0.0	4.76	0.0	0.0	0.0	0.0	4.76	4.76	4.76	0.0	0.0	0.0	4.76	0.0	0.0	0.0	0.0	0.0	0.0	0.0	42.86	0.0	0.0	0.0	0.0	0.0	0.0	0.0	0.0	0.0	0.0	0.0	0.0	0.0	4.76	0.0	4.76	0.0	0.0	0.0	4.76	0.0	9.52	23.81	4.76	9.52	0.0	23.81	0.0	4.76	4.76	0.0	9.52	9.52	14.29	0.0	0.0	0.0	4.76	4.76	0.0	0.0	0.0
BURNETT	5	5.0	20.00	0.0	0.0	0.0	20.00	0.0	0.0	0.0	0.0	0.0	0.0	0.0	0.0	20.00	0.0	0.0	0.0	0.0	0.0	0.0	0.0	0.0	0.0	0.0	0.0	0.0	20.00	40.00	0.0	0.0	0.0	0.0	0.0	0.0	0.0	40.00	0.0	0.0	0.0	0.0	0.0	0.0	20.00	0.0	0.0	0.0	0.0	0.0	0.0	0.0	0.0	0.0	0.0	0.0	0.0	0.0	0.0	0.0	0.0	0.0	0.0	0.0	20.00	0.0	0.0	0.0	0.0	0.0	0.0	0.0	0.0	0.0	0.0	20.00	0.0	0.0	0.0	0.0
LOWREY	5	5.0	0.0	0.0	0.0	0.0	0.0	0.0	0.0	0.0	0.0	0.0	0.0	0.0	0.0	0.0	0.0	0.0	0.0	0.0	0.0	0.0	0.0	20.00	0.0	0.0	0.0	0.0	20.00	0.0	0.0	0.0	0.0	0.0	20.00	0.0	0.0	40.00	0.0	0.0	0.0	0.0	0.0	0.0	0.0	0.0	20.00	0.0	0.0	0.0	0.0	0.0	20.00	0.0	0.0	0.0	0.0	20.00	0.0	20.00	0.0	20.00	20.00	0.0	0.0	0.0	0.0	0.0	0.0	0.0	20.00	0.0	0.0	0.0	0.0	0.0	20.00	0.0	0.0	20.00
FOUCHET	20	20.0	0.0	0.0	0.0	0.0	0.0	0.0	0.0	0.0	0.0	0.0	0.0	0.0	0.0	15.00	0.0	0.0	5.00	5.00	0.0	15.00	0.0	5.00	0.0	0.0	0.0	10.00	10.00	0.0	5.00	0.0	0.0	0.0	0.0	0.0	0.0	50.00	5.00	0.0	0.0	0.0	5.00	10.00	0.0	0.0	0.0	0.0	0.0	0.0	0.0	0.0	0.0	5.00	0.0	0.0	0.0	10.00	0.0	10.00	15.00	5.00	10.00	10.00	5.00	0.0	0.0	10.00	0.0	0.0	5.00	5.00	0.0	0.0	0.0	0.0	10.00	0.0	0.0	0.0
pleasured smile.	16	16.0	0.0	0.0	0.0	0.0	0.0	0.0	0.0	0.0	0.0	0.0	0.0	0.0	0.0	18.75	0.0	6.25	6.25	6.25	0.0	0.0	0.0	0.0	6.25	6.25	0.0	0.0	0.0	6.25	0.0	0.0	0.0	0.0	0.0	0.0	0.0	43.75	0.0	0.0	0.0	0.0	0.0	0.0	0.0	0.0	0.0	0.0	12.50	0.0	6.25	0.0	0.0	6.25	0.0	0.0	0.0	0.0	0.0	6.25	12.50	6.25	18.75	0.0	12.50	0.0	0.0	0.0	0.0	6.25	12.50	6.25	6.25	0.0	0.0	6.25	6.25	0.0	0.0	0.0
JULIE	17	17.0	5.88	0.0	0.0	0.0	5.88	0.0	0.0	0.0	0.0	0.0	0.0	0.0	0.0	5.88	0.0	11.76	17.65	5.88	0.0	5.88	0.0	5.88	5.88	5.88	0.0	0.0	11.76	0.0	0.0	0.0	5.88	0.0	0.0	0.0	0.0	47.06	5.88	0.0	0.0	0.0	0.0	11.76	5.88	0.0	0.0	0.0	5.88	0.0	0.0	0.0	0.0	17.65	0.0	0.0	0.0	0.0	0.0	17.65	11.76	5.88	23.53	0.0	17.65	0.0	11.76	0.0	0.0	0.0	11.76	11.76	5.88	0.0	0.0	5.88	11.76	0.0	0.0	5.88
screaming out...	38	38.0	2.63	0.0	0.0	0.0	0.0	0.0	0.0	0.0	0.0	2.63	0.0	0.0	0.0	10.53	2.63	0.0	7.89	0.0	0.0	7.89	0.0	0.0	10.53	7.89	0.0	2.63	13.16	2.63	0.0	0.0	0.0	13.16	0.0	0.0	0.0	39.47	0.0	0.0	0.0	2.63	5.26	0.0	7.89	0.0	0.0	0.0	0.0	0.0	0.0	5.26	0.0	2.63	0.0	2.63	0.0	0.0	5.26	7.89	15.79	2.63	7.89	2.63	18.42	0.0	2.63	0.0	2.63	2.63	28.95	13.16	0.0	2.63	5.26	0.0	2.63	0.0	0.0	0.0
BURNETT KIDS	66	66.0	0.0	0.0	0.0	0.0	0.0	0.0	0.0	0.0	0.0	0.0	0.0	0.0	0.0	16.67	0.0	0.0	12.12	0.0	0.0	9.09	1.52	0.0	4.55	1.52	0.0	1.52	10.61	6.06	0.0	0.0	0.0	3.03	1.52	0.0	1.52	34.85	0.0	0.0	0.0	3.03	6.06	0.0	9.09	0.0	0.0	0.0	1.52	0.0	0.0	3.03	0.0	6.06	0.0	0.0	1.52	4.55	6.06	6.06	12.12	0.0	7.58	0.0	24.24	0.0	6.06	3.03	3.03	3.03	15.15	15.15	0.0	0.0	1.52	3.03	1.52	0.0	0.0	1.52
LOWREY	32	32.0	0.0	0.0	0.0	0.0	0.0	0.0	0.0	0.0	0.0	0.0	0.0	0.0	0.0	25.00	0.0	3.12	6.25	0.0	0.0	6.25	0.0	9.38	3.12	0.0	0.0	0.0	12.50	0.0	0.0	0.0	0.0	0.0	0.0	0.0	0.0	46.88	0.0	0.0	0.0	0.0	6.25	0.0	3.12	0.0	0.0	6.25	9.38	0.0	0.0	0.0	3.12	3.12	0.0	0.0	6.25	3.12	3.12	21.88	0.0	15.62	31.25	0.0	9.38	0.0	0.0	3.12	3.12	6.25	37.50	3.12	0.0	3.12	0.0	6.25	21.88	6.25	0.0	9.38
he passes.	6	6.0	0.0	0.0	0.0	0.0	0.0	0.0	0.0	0.0	0.0	0.0	0.0	0.0	0.0	0.0	0.0	0.0	0.0	0.0	0.0	0.0	0.0	16.67	0.0	0.0	0.0	0.0	0.0	0.0	0.0	0.0	0.0	16.67	0.0	0.0	0.0	50.00	0.0	0.0	0.0	0.0	0.0	16.67	0.0	0.0	0.0	0.0	16.67	0.0	0.0	0.0	0.0	0.0	0.0	0.0	16.67	0.0	0.0	16.67	0.0	0.0	33.33	0.0	0.0	0.0	0.0	0.0	0.0	0.0	16.67	0.0	0.0	0.0	0.0	0.0	16.67	0.0	0.0	0.0
