SPEAKER	AllPct	Apostro	Colon	Comma	Dash	Exclam	Numerals	OtherP	Parenth	Period	QMark	Quote	SemiC	Sixltr	achieve	adverb	affect	anger	anx	article	assent	auxverb	bio	body	cause	certain	cogmech	conj	death	discrep	excl	family	feel	filler	friend	funct	future	health	hear	home	humans	i	incl	ingest	inhib	insight	ipron	leisure	money	motion	negate	negemo	nonfl	number	past	percept	posemo	ppron	preps	present	pronoun	quant	relativ	relig	sad	see	sexual	shehe	social	space	swear	tentat	they	time	verb	we	work	you
MISCHA	0.0	0.0	0.0	0.0	0.0	0.0	0.0	0.0	0.0	0.0	0.0	0.0	0.0	0.0	0.0	50.00	0.0	0.0	0.0	0.0	0.0	0.0	0.0	0.0	0.0	0.0	0.0	0.0	0.0	0.0	0.0	0.0	0.0	0.0	0.0	100.00	0.0	0.0	0.0	0.0	0.0	0.0	0.0	0.0	0.0	0.0	0.0	0.0	0.0	0.0	0.0	0.0	0.0	0.0	0.0	0.0	0.0	0.0	50.00	0.0	0.0	0.0	50.00	0.0	0.0	0.0	0.0	0.0	0.0	50.00	0.0	0.0	0.0	0.0	0.0	0.0	0.0	0.0
MARIAN	0.0	0.0	0.0	0.0	0.0	0.0	0.0	0.0	0.0	0.0	0.0	0.0	0.0	0.0	0.0	0.0	12.50	0.0	0.0	0.0	0.0	12.50	0.0	0.0	0.0	12.50	12.50	0.0	0.0	0.0	0.0	0.0	0.0	0.0	0.0	62.50	0.0	0.0	0.0	0.0	0.0	12.50	0.0	0.0	0.0	0.0	0.0	0.0	0.0	0.0	0.0	0.0	0.0	0.0	12.50	0.0	12.50	37.50	12.50	12.50	37.50	0.0	12.50	0.0	0.0	0.0	0.0	0.0	25.00	12.50	0.0	0.0	0.0	0.0	25.00	0.0	0.0	25.00
MISCHA	0.0	0.0	0.0	0.0	0.0	0.0	0.0	0.0	0.0	0.0	0.0	0.0	0.0	0.0	0.0	0.0	0.0	0.0	0.0	10.00	0.0	10.00	0.0	0.0	0.0	0.0	20.00	0.0	0.0	0.0	0.0	0.0	0.0	0.0	0.0	70.00	0.0	0.0	0.0	0.0	0.0	10.00	0.0	0.0	10.00	10.00	20.00	0.0	0.0	0.0	0.0	0.0	0.0	0.0	0.0	0.0	0.0	20.00	10.00	20.00	40.00	0.0	20.00	0.0	0.0	0.0	0.0	0.0	10.00	20.00	0.0	0.0	0.0	0.0	20.00	0.0	0.0	10.00
MARIAN	0.0	0.0	0.0	0.0	0.0	0.0	0.0	0.0	0.0	0.0	0.0	0.0	0.0	6.25	6.25	6.25	12.50	0.0	6.25	12.50	0.0	18.75	0.0	0.0	0.0	0.0	6.25	0.0	0.0	0.0	6.25	0.0	0.0	0.0	0.0	75.00	0.0	0.0	0.0	0.0	0.0	31.25	0.0	0.0	0.0	0.0	12.50	0.0	0.0	0.0	0.0	12.50	0.0	6.25	0.0	0.0	0.0	31.25	6.25	18.75	43.75	0.0	37.50	0.0	0.0	0.0	0.0	0.0	0.0	12.50	0.0	0.0	0.0	25.00	18.75	0.0	0.0	0.0
MARIAN	0.0	0.0	0.0	0.0	0.0	0.0	9.52	0.0	0.0	0.0	0.0	0.0	0.0	14.29	0.0	0.0	0.0	0.0	0.0	4.76	0.0	9.52	0.0	0.0	0.0	0.0	9.52	0.0	0.0	9.52	0.0	4.76	0.0	0.0	0.0	52.38	4.76	0.0	4.76	0.0	0.0	9.52	0.0	0.0	0.0	0.0	14.29	0.0	9.52	4.76	0.0	0.0	0.0	4.76	4.76	4.76	0.0	9.52	14.29	14.29	23.81	0.0	19.05	0.0	0.0	0.0	0.0	0.0	9.52	14.29	0.0	0.0	0.0	0.0	23.81	0.0	0.0	0.0
MARIAN	0.0	0.0	0.0	0.0	0.0	0.0	0.0	0.0	0.0	0.0	0.0	0.0	0.0	20.00	0.0	0.0	0.0	0.0	0.0	0.0	0.0	0.0	0.0	0.0	0.0	0.0	10.00	0.0	0.0	0.0	0.0	10.00	0.0	0.0	0.0	40.00	0.0	0.0	0.0	0.0	0.0	20.00	10.00	0.0	0.0	0.0	0.0	0.0	0.0	20.00	0.0	0.0	0.0	0.0	10.00	0.0	0.0	20.00	20.00	0.0	20.00	0.0	40.00	0.0	0.0	0.0	0.0	0.0	20.00	0.0	0.0	0.0	0.0	20.00	10.00	0.0	0.0	0.0
MISCHA	0.0	0.0	0.0	0.0	0.0	0.0	0.0	0.0	0.0	0.0	0.0	0.0	0.0	0.0	0.0	25.00	0.0	0.0	0.0	0.0	0.0	25.00	0.0	0.0	0.0	0.0	25.00	25.00	0.0	0.0	0.0	0.0	0.0	0.0	0.0	100.00	0.0	0.0	0.0	0.0	0.0	0.0	25.00	0.0	0.0	0.0	0.0	0.0	0.0	0.0	0.0	0.0	0.0	0.0	0.0	0.0	0.0	25.00	0.0	25.00	25.00	0.0	25.00	0.0	0.0	0.0	0.0	25.00	25.00	25.00	0.0	0.0	0.0	0.0	25.00	0.0	0.0	0.0
MARIAN	10.00	0.0	0.0	0.0	6.67	0.0	0.0	0.0	0.0	3.33	0.0	0.0	0.0	6.67	0.0	10.00	3.33	0.0	0.0	6.67	0.0	6.67	0.0	0.0	0.0	0.0	26.67	10.00	0.0	6.67	10.00	0.0	0.0	0.0	0.0	66.67	3.33	0.0	0.0	0.0	0.0	6.67	6.67	0.0	0.0	0.0	0.0	0.0	0.0	6.67	3.33	0.0	3.33	3.33	6.67	0.0	3.33	16.67	10.00	10.00	16.67	0.0	13.33	0.0	0.0	0.0	0.0	10.00	13.33	0.0	0.0	3.33	0.0	6.67	20.00	0.0	3.33	0.0
MISCHA	0.0	0.0	0.0	0.0	0.0	0.0	0.0	0.0	0.0	0.0	0.0	0.0	0.0	14.29	0.0	28.57	0.0	0.0	0.0	0.0	0.0	0.0	0.0	0.0	0.0	14.29	28.57	14.29	0.0	0.0	0.0	0.0	0.0	0.0	0.0	71.43	0.0	0.0	0.0	0.0	0.0	0.0	14.29	0.0	0.0	0.0	0.0	0.0	0.0	14.29	0.0	0.0	0.0	0.0	0.0	0.0	0.0	14.29	14.29	14.29	14.29	14.29	14.29	0.0	0.0	0.0	0.0	0.0	14.29	0.0	0.0	0.0	0.0	0.0	14.29	0.0	0.0	14.29
MARIAN	0.0	0.0	0.0	0.0	0.0	0.0	0.0	0.0	0.0	0.0	0.0	0.0	0.0	28.57	0.0	0.0	0.0	0.0	0.0	0.0	14.29	0.0	0.0	0.0	0.0	0.0	0.0	0.0	0.0	0.0	0.0	14.29	0.0	0.0	0.0	28.57	0.0	0.0	0.0	0.0	0.0	14.29	0.0	0.0	0.0	0.0	0.0	0.0	0.0	14.29	0.0	0.0	14.29	0.0	0.0	0.0	0.0	14.29	14.29	0.0	14.29	0.0	42.86	0.0	0.0	0.0	0.0	0.0	14.29	14.29	0.0	0.0	0.0	14.29	0.0	0.0	0.0	0.0
MISCHA	66.67	0.0	0.0	0.0	0.0	0.0	0.0	0.0	0.0	66.67	0.0	0.0	0.0	0.0	0.0	0.0	0.0	0.0	0.0	0.0	33.33	0.0	0.0	0.0	0.0	0.0	0.0	0.0	0.0	0.0	0.0	0.0	0.0	0.0	0.0	0.0	0.0	0.0	0.0	0.0	0.0	0.0	0.0	0.0	0.0	0.0	0.0	0.0	0.0	0.0	0.0	0.0	0.0	0.0	0.0	0.0	0.0	0.0	0.0	0.0	0.0	0.0	0.0	0.0	0.0	0.0	0.0	0.0	0.0	0.0	0.0	0.0	0.0	0.0	0.0	0.0	0.0	0.0
MARIAN	10.00	0.0	0.0	0.0	0.0	0.0	0.0	0.0	0.0	10.00	0.0	0.0	0.0	20.00	0.0	0.0	0.0	0.0	0.0	20.00	0.0	10.00	0.0	0.0	0.0	0.0	30.00	10.00	0.0	10.00	0.0	0.0	0.0	0.0	0.0	50.00	10.00	0.0	0.0	0.0	10.00	10.00	10.00	0.0	0.0	10.00	0.0	0.0	0.0	10.00	0.0	0.0	0.0	0.0	10.00	0.0	0.0	10.00	0.0	10.00	10.00	0.0	10.00	0.0	0.0	0.0	0.0	0.0	10.00	0.0	0.0	0.0	0.0	0.0	30.00	0.0	0.0	0.0
MISCHA	0.0	0.0	0.0	0.0	0.0	0.0	0.0	0.0	0.0	0.0	0.0	0.0	0.0	0.0	0.0	0.0	0.0	0.0	0.0	0.0	100.00	0.0	0.0	0.0	0.0	0.0	0.0	0.0	0.0	0.0	0.0	0.0	0.0	0.0	0.0	0.0	0.0	0.0	0.0	0.0	0.0	0.0	0.0	0.0	0.0	0.0	0.0	0.0	0.0	0.0	0.0	0.0	0.0	0.0	0.0	0.0	0.0	0.0	0.0	0.0	0.0	0.0	0.0	0.0	0.0	0.0	0.0	0.0	0.0	0.0	0.0	0.0	0.0	0.0	0.0	0.0	0.0	0.0
MARIAN	0.0	0.0	0.0	0.0	0.0	0.0	0.0	0.0	0.0	0.0	0.0	0.0	0.0	0.0	0.0	12.50	0.0	0.0	0.0	0.0	0.0	25.00	0.0	0.0	0.0	0.0	0.0	0.0	0.0	0.0	0.0	0.0	0.0	0.0	0.0	87.50	0.0	0.0	0.0	0.0	0.0	25.00	0.0	0.0	0.0	0.0	0.0	0.0	0.0	0.0	0.0	0.0	0.0	0.0	0.0	0.0	0.0	37.50	25.00	25.00	37.50	0.0	25.00	0.0	0.0	0.0	0.0	0.0	12.50	25.00	0.0	0.0	0.0	0.0	25.00	0.0	0.0	12.50
MISCHA	0.0	0.0	0.0	0.0	0.0	0.0	0.0	0.0	0.0	0.0	0.0	0.0	0.0	0.0	0.0	0.0	0.0	0.0	0.0	0.0	0.0	0.0	0.0	0.0	0.0	0.0	0.0	0.0	0.0	0.0	0.0	0.0	0.0	0.0	0.0	0.0	0.0	0.0	0.0	0.0	0.0	0.0	0.0	0.0	0.0	0.0	0.0	0.0	0.0	0.0	0.0	0.0	0.0	0.0	0.0	0.0	0.0	0.0	0.0	0.0	0.0	0.0	0.0	0.0	0.0	0.0	0.0	0.0	0.0	0.0	0.0	0.0	0.0	0.0	0.0	0.0	0.0	0.0
MARIAN	0.0	0.0	0.0	0.0	0.0	0.0	0.0	0.0	0.0	0.0	0.0	0.0	0.0	14.29	0.0	0.0	0.0	0.0	0.0	14.29	0.0	14.29	0.0	0.0	0.0	0.0	14.29	0.0	0.0	0.0	0.0	0.0	0.0	0.0	0.0	42.86	0.0	0.0	0.0	0.0	0.0	0.0	0.0	0.0	0.0	14.29	0.0	0.0	0.0	0.0	0.0	0.0	0.0	0.0	0.0	0.0	0.0	14.29	0.0	28.57	14.29	0.0	14.29	0.0	0.0	0.0	0.0	0.0	14.29	14.29	0.0	0.0	0.0	0.0	28.57	0.0	0.0	14.29
MISCHA	25.00	0.0	0.0	0.0	0.0	0.0	0.0	0.0	0.0	25.00	0.0	0.0	0.0	12.50	0.0	0.0	0.0	0.0	0.0	12.50	37.50	12.50	0.0	0.0	0.0	0.0	0.0	0.0	0.0	0.0	0.0	0.0	0.0	0.0	0.0	37.50	0.0	0.0	0.0	0.0	0.0	0.0	0.0	0.0	0.0	0.0	25.00	0.0	0.0	0.0	0.0	0.0	0.0	0.0	0.0	0.0	0.0	0.0	0.0	12.50	25.00	0.0	0.0	0.0	0.0	0.0	0.0	0.0	0.0	0.0	0.0	0.0	0.0	0.0	12.50	0.0	0.0	0.0
MARIAN	0.0	0.0	0.0	0.0	0.0	0.0	0.0	0.0	0.0	0.0	0.0	0.0	0.0	25.00	0.0	0.0	25.00	25.00	0.0	0.0	0.0	25.00	0.0	0.0	0.0	0.0	25.00	0.0	0.0	0.0	0.0	0.0	0.0	0.0	0.0	75.00	0.0	0.0	0.0	0.0	0.0	0.0	0.0	0.0	0.0	25.00	50.00	0.0	0.0	0.0	0.0	25.00	0.0	0.0	0.0	0.0	0.0	25.00	0.0	50.00	75.00	0.0	0.0	0.0	0.0	0.0	0.0	0.0	25.00	0.0	0.0	0.0	0.0	0.0	50.00	0.0	0.0	25.00
MISCHA	0.0	0.0	0.0	0.0	0.0	0.0	0.0	0.0	0.0	0.0	0.0	0.0	0.0	20.00	0.0	0.0	20.00	20.00	0.0	10.00	0.0	0.0	0.0	0.0	0.0	0.0	30.00	0.0	0.0	0.0	30.00	0.0	0.0	0.0	0.0	60.00	0.0	0.0	0.0	0.0	0.0	0.0	0.0	0.0	0.0	0.0	10.00	0.0	0.0	0.0	30.00	20.00	0.0	0.0	0.0	0.0	0.0	0.0	10.00	0.0	10.00	0.0	20.00	0.0	0.0	0.0	0.0	0.0	0.0	0.0	0.0	0.0	0.0	20.00	0.0	0.0	0.0	0.0
MARIAN	0.0	0.0	0.0	0.0	0.0	0.0	22.22	0.0	0.0	0.0	0.0	0.0	0.0	0.0	0.0	0.0	0.0	0.0	0.0	0.0	0.0	11.11	0.0	0.0	0.0	0.0	0.0	0.0	0.0	0.0	0.0	0.0	0.0	0.0	0.0	33.33	0.0	0.0	0.0	0.0	0.0	11.11	0.0	0.0	0.0	0.0	11.11	0.0	0.0	0.0	0.0	0.0	0.0	0.0	0.0	0.0	0.0	11.11	0.0	11.11	22.22	0.0	22.22	0.0	0.0	0.0	0.0	0.0	0.0	22.22	0.0	0.0	0.0	0.0	11.11	0.0	0.0	0.0
MISCHA	5.56	0.0	0.0	0.0	0.0	0.0	0.0	0.0	0.0	5.56	0.0	0.0	0.0	5.56	0.0	16.67	5.56	0.0	0.0	5.56	0.0	16.67	0.0	0.0	0.0	0.0	0.0	0.0	0.0	0.0	0.0	0.0	0.0	0.0	0.0	66.67	0.0	0.0	0.0	5.56	0.0	5.56	0.0	0.0	0.0	0.0	0.0	0.0	0.0	5.56	16.67	5.56	0.0	0.0	0.0	0.0	0.0	11.11	11.11	16.67	11.11	0.0	22.22	0.0	0.0	0.0	0.0	0.0	5.56	16.67	0.0	0.0	0.0	0.0	16.67	0.0	0.0	5.56
MISCHA	0.0	0.0	0.0	0.0	0.0	0.0	0.0	0.0	0.0	0.0	0.0	0.0	0.0	0.0	0.0	0.0	0.0	0.0	0.0	16.67	0.0	8.33	0.0	0.0	0.0	0.0	8.33	0.0	0.0	0.0	0.0	0.0	0.0	0.0	0.0	66.67	0.0	0.0	0.0	0.0	0.0	0.0	0.0	0.0	8.33	0.0	8.33	0.0	0.0	8.33	0.0	0.0	0.0	8.33	0.0	0.0	0.0	8.33	16.67	16.67	16.67	0.0	33.33	0.0	0.0	0.0	0.0	0.0	8.33	25.00	0.0	0.0	0.0	0.0	16.67	0.0	0.0	8.33
MARIAN	0.0	0.0	0.0	0.0	0.0	0.0	0.0	0.0	0.0	0.0	0.0	0.0	0.0	0.0	0.0	0.0	0.0	0.0	0.0	0.0	0.0	0.0	0.0	0.0	0.0	0.0	0.0	0.0	0.0	0.0	0.0	0.0	0.0	0.0	0.0	50.00	0.0	0.0	0.0	0.0	0.0	0.0	0.0	0.0	0.0	0.0	50.00	0.0	0.0	0.0	0.0	0.0	0.0	0.0	0.0	0.0	0.0	0.0	0.0	0.0	50.00	0.0	50.00	0.0	0.0	0.0	0.0	0.0	0.0	0.0	0.0	0.0	0.0	0.0	0.0	0.0	0.0	0.0
MISCHA	0.0	0.0	0.0	0.0	0.0	0.0	0.0	0.0	0.0	0.0	0.0	0.0	0.0	0.0	0.0	10.00	10.00	0.0	0.0	0.0	10.00	30.00	0.0	0.0	0.0	0.0	10.00	0.0	0.0	0.0	10.00	0.0	0.0	0.0	0.0	70.00	10.00	0.0	0.0	0.0	0.0	0.0	0.0	0.0	0.0	0.0	20.00	0.0	0.0	0.0	10.00	0.0	0.0	0.0	0.0	0.0	10.00	10.00	0.0	10.00	30.00	0.0	30.00	0.0	0.0	0.0	0.0	0.0	10.00	10.00	0.0	0.0	0.0	20.00	30.00	0.0	0.0	10.00
MARIAN	0.0	0.0	0.0	0.0	0.0	0.0	0.0	0.0	0.0	0.0	0.0	0.0	0.0	0.0	0.0	25.00	0.0	0.0	0.0	0.0	0.0	0.0	0.0	0.0	25.00	0.0	25.00	25.00	0.0	0.0	0.0	0.0	0.0	0.0	0.0	75.00	0.0	0.0	0.0	0.0	0.0	25.00	0.0	0.0	0.0	0.0	0.0	0.0	0.0	0.0	0.0	0.0	0.0	0.0	0.0	25.00	0.0	25.00	0.0	25.00	25.00	25.00	0.0	0.0	0.0	25.00	0.0	0.0	0.0	0.0	0.0	0.0	0.0	0.0	25.00	0.0	0.0	0.0
MISCHA	0.0	0.0	0.0	0.0	0.0	0.0	0.0	0.0	0.0	0.0	0.0	0.0	0.0	0.0	0.0	0.0	0.0	0.0	0.0	0.0	0.0	0.0	0.0	0.0	0.0	66.67	66.67	0.0	0.0	0.0	0.0	0.0	0.0	0.0	0.0	66.67	0.0	0.0	0.0	0.0	0.0	0.0	0.0	0.0	0.0	0.0	0.0	0.0	0.0	0.0	0.0	0.0	0.0	0.0	0.0	0.0	0.0	0.0	0.0	0.0	0.0	66.67	0.0	0.0	0.0	0.0	0.0	0.0	0.0	0.0	0.0	0.0	0.0	0.0	0.0	0.0	0.0	0.0
MARIAN	0.0	0.0	0.0	0.0	0.0	0.0	0.0	0.0	0.0	0.0	0.0	0.0	0.0	20.00	0.0	10.00	0.0	0.0	0.0	0.0	0.0	20.00	0.0	0.0	0.0	0.0	20.00	0.0	0.0	0.0	0.0	0.0	0.0	0.0	0.0	70.00	0.0	0.0	0.0	0.0	0.0	10.00	0.0	0.0	0.0	10.00	10.00	0.0	0.0	0.0	0.0	0.0	0.0	10.00	30.00	0.0	0.0	10.00	10.00	0.0	20.00	0.0	0.0	0.0	0.0	0.0	0.0	0.0	0.0	0.0	0.0	10.00	0.0	0.0	40.00	0.0	0.0	0.0
MISCHA	8.33	0.0	0.0	0.0	0.0	0.0	0.0	0.0	0.0	8.33	0.0	0.0	0.0	0.0	0.0	0.0	0.0	0.0	0.0	0.0	0.0	8.33	0.0	0.0	0.0	8.33	8.33	0.0	0.0	0.0	0.0	0.0	0.0	0.0	0.0	41.67	0.0	0.0	0.0	0.0	0.0	0.0	0.0	0.0	0.0	0.0	8.33	0.0	16.67	0.0	0.0	0.0	0.0	8.33	0.0	0.0	0.0	0.0	8.33	8.33	8.33	8.33	8.33	0.0	0.0	0.0	0.0	0.0	0.0	8.33	0.0	0.0	0.0	0.0	8.33	0.0	8.33	0.0
MISCHA	0.0	0.0	0.0	0.0	0.0	0.0	0.0	0.0	0.0	0.0	0.0	0.0	0.0	0.0	0.0	0.0	0.0	0.0	0.0	0.0	0.0	0.0	0.0	0.0	0.0	0.0	16.67	0.0	0.0	0.0	0.0	0.0	0.0	0.0	0.0	16.67	0.0	0.0	0.0	0.0	16.67	0.0	0.0	0.0	16.67	0.0	16.67	0.0	0.0	0.0	0.0	0.0	0.0	0.0	0.0	0.0	0.0	0.0	0.0	0.0	16.67	0.0	0.0	0.0	0.0	0.0	0.0	0.0	33.33	0.0	0.0	0.0	0.0	0.0	0.0	0.0	0.0	0.0
MISCHA	0.0	0.0	0.0	0.0	0.0	0.0	0.0	0.0	0.0	0.0	0.0	0.0	0.0	0.0	0.0	0.0	100.00	0.0	0.0	0.0	0.0	0.0	0.0	0.0	0.0	0.0	50.00	0.0	0.0	0.0	0.0	0.0	0.0	0.0	0.0	0.0	0.0	0.0	0.0	0.0	0.0	0.0	0.0	0.0	0.0	0.0	0.0	0.0	0.0	0.0	0.0	0.0	0.0	0.0	0.0	0.0	100.00	0.0	0.0	0.0	0.0	0.0	0.0	0.0	0.0	0.0	0.0	0.0	0.0	0.0	0.0	50.00	0.0	0.0	0.0	0.0	0.0	0.0
SQUATTER #1	0.0	0.0	0.0	0.0	0.0	0.0	0.0	0.0	0.0	0.0	0.0	0.0	0.0	0.0	0.0	0.0	0.0	0.0	0.0	0.0	0.0	9.09	0.0	0.0	9.09	0.0	36.36	0.0	0.0	0.0	0.0	0.0	0.0	0.0	0.0	54.55	0.0	0.0	0.0	0.0	9.09	0.0	18.18	0.0	0.0	0.0	0.0	0.0	0.0	9.09	0.0	0.0	0.0	0.0	0.0	0.0	0.0	18.18	18.18	9.09	18.18	9.09	27.27	0.0	0.0	0.0	0.0	0.0	45.45	9.09	0.0	9.09	0.0	9.09	9.09	9.09	0.0	9.09
SQUATTER #2	0.0	0.0	0.0	0.0	0.0	0.0	0.0	0.0	0.0	0.0	0.0	0.0	0.0	0.0	0.0	0.0	9.09	0.0	0.0	9.09	0.0	0.0	9.09	0.0	0.0	9.09	27.27	0.0	0.0	0.0	0.0	0.0	0.0	0.0	0.0	36.36	0.0	0.0	0.0	0.0	0.0	0.0	9.09	9.09	0.0	9.09	0.0	0.0	0.0	9.09	0.0	0.0	0.0	0.0	0.0	0.0	9.09	9.09	9.09	27.27	9.09	18.18	36.36	0.0	0.0	0.0	0.0	0.0	18.18	27.27	0.0	0.0	0.0	0.0	27.27	0.0	0.0	9.09
MARIAN	0.0	0.0	0.0	0.0	0.0	0.0	0.0	0.0	0.0	0.0	0.0	0.0	0.0	0.0	0.0	25.00	0.0	0.0	0.0	0.0	0.0	0.0	0.0	0.0	0.0	0.0	50.00	0.0	0.0	0.0	0.0	0.0	0.0	0.0	0.0	75.00	0.0	0.0	0.0	0.0	0.0	0.0	0.0	0.0	0.0	0.0	25.00	0.0	0.0	0.0	0.0	0.0	0.0	0.0	0.0	0.0	0.0	0.0	0.0	0.0	25.00	25.00	25.00	0.0	0.0	0.0	0.0	0.0	0.0	0.0	0.0	50.00	0.0	25.00	0.0	0.0	0.0	0.0
SQUATTER #1	0.0	0.0	0.0	0.0	0.0	0.0	0.0	0.0	0.0	0.0	0.0	0.0	0.0	0.0	0.0	25.00	25.00	0.0	0.0	25.00	0.0	0.0	0.0	0.0	0.0	0.0	25.00	0.0	0.0	0.0	0.0	0.0	0.0	0.0	0.0	75.00	0.0	0.0	0.0	0.0	0.0	0.0	0.0	0.0	0.0	0.0	0.0	0.0	0.0	0.0	0.0	0.0	0.0	0.0	0.0	0.0	25.00	0.0	0.0	25.00	0.0	25.00	0.0	0.0	0.0	0.0	0.0	0.0	0.0	0.0	0.0	25.00	0.0	0.0	25.00	0.0	0.0	0.0
PAULA	0.0	0.0	0.0	0.0	0.0	0.0	0.0	0.0	0.0	0.0	0.0	0.0	0.0	0.0	0.0	0.0	0.0	0.0	0.0	0.0	0.0	33.33	0.0	0.0	0.0	0.0	0.0	0.0	0.0	0.0	0.0	16.67	0.0	0.0	0.0	66.67	16.67	0.0	0.0	0.0	0.0	33.33	0.0	0.0	0.0	0.0	0.0	0.0	0.0	0.0	0.0	0.0	0.0	0.0	0.0	0.0	0.0	33.33	16.67	0.0	33.33	0.0	33.33	0.0	0.0	0.0	0.0	0.0	33.33	33.33	0.0	0.0	0.0	0.0	33.33	0.0	0.0	0.0
PAULA	0.0	0.0	0.0	0.0	0.0	0.0	0.0	0.0	0.0	0.0	0.0	0.0	0.0	0.0	0.0	20.00	0.0	0.0	0.0	0.0	0.0	20.00	0.0	0.0	0.0	0.0	20.00	20.00	0.0	0.0	0.0	0.0	0.0	0.0	0.0	80.00	0.0	0.0	0.0	0.0	0.0	0.0	0.0	0.0	0.0	20.00	20.00	0.0	0.0	0.0	0.0	0.0	0.0	0.0	0.0	0.0	0.0	20.00	0.0	40.00	40.00	0.0	0.0	0.0	0.0	0.0	0.0	0.0	20.00	0.0	0.0	0.0	0.0	0.0	40.00	0.0	0.0	20.00
MARIAN	0.0	0.0	0.0	0.0	0.0	0.0	0.0	0.0	0.0	0.0	0.0	0.0	0.0	0.0	0.0	16.67	33.33	0.0	0.0	0.0	0.0	33.33	0.0	0.0	0.0	0.0	16.67	0.0	0.0	0.0	0.0	0.0	0.0	0.0	0.0	116.67	0.0	0.0	0.0	0.0	0.0	0.0	16.67	0.0	0.0	0.0	33.33	0.0	0.0	0.0	0.0	0.0	16.67	16.67	0.0	0.0	33.33	33.33	16.67	33.33	66.67	0.0	33.33	0.0	0.0	0.0	0.0	0.0	33.33	16.67	0.0	0.0	0.0	16.67	33.33	0.0	0.0	33.33
PAULA	0.0	0.0	0.0	0.0	0.0	0.0	0.0	0.0	0.0	0.0	0.0	0.0	0.0	0.0	0.0	16.67	0.0	0.0	0.0	0.0	0.0	16.67	0.0	0.0	0.0	0.0	0.0	0.0	0.0	0.0	0.0	0.0	0.0	0.0	0.0	66.67	0.0	0.0	0.0	0.0	0.0	16.67	0.0	0.0	0.0	0.0	0.0	0.0	0.0	0.0	16.67	0.0	0.0	0.0	0.0	0.0	0.0	33.33	0.0	16.67	33.33	0.0	16.67	0.0	0.0	0.0	0.0	0.0	16.67	16.67	0.0	0.0	0.0	0.0	16.67	0.0	0.0	16.67
MARIAN	8.33	0.0	0.0	0.0	0.0	0.0	0.0	0.0	0.0	8.33	0.0	0.0	0.0	0.0	0.0	25.00	16.67	0.0	0.0	8.33	0.0	0.0	0.0	0.0	0.0	0.0	16.67	8.33	0.0	0.0	0.0	0.0	0.0	0.0	0.0	66.67	0.0	0.0	0.0	0.0	0.0	25.00	0.0	0.0	8.33	0.0	0.0	0.0	0.0	8.33	0.0	0.0	16.67	0.0	8.33	0.0	16.67	25.00	8.33	0.0	25.00	0.0	25.00	0.0	0.0	0.0	0.0	0.0	8.33	8.33	0.0	0.0	0.0	8.33	8.33	0.0	0.0	0.0
PAULA	0.0	0.0	0.0	0.0	0.0	0.0	0.0	0.0	0.0	0.0	0.0	0.0	0.0	5.88	0.0	0.0	5.88	0.0	0.0	5.88	0.0	17.65	0.0	0.0	5.88	0.0	17.65	5.88	0.0	0.0	5.88	0.0	0.0	0.0	0.0	70.59	5.88	0.0	0.0	0.0	0.0	0.0	0.0	0.0	5.88	0.0	35.29	0.0	0.0	0.0	0.0	0.0	0.0	0.0	5.88	5.88	5.88	11.76	11.76	23.53	47.06	0.0	17.65	0.0	0.0	5.88	0.0	0.0	11.76	0.0	0.0	0.0	0.0	17.65	35.29	0.0	0.0	11.76
PAULA	2.86	0.0	0.0	0.0	0.0	0.0	5.71	0.0	0.0	2.86	0.0	0.0	0.0	5.71	0.0	2.86	2.86	0.0	0.0	11.43	0.0	8.57	0.0	0.0	0.0	2.86	8.57	8.57	0.0	0.0	0.0	0.0	0.0	0.0	0.0	54.29	0.0	0.0	0.0	0.0	0.0	0.0	5.71	0.0	0.0	0.0	2.86	5.71	0.0	2.86	2.86	2.86	0.0	0.0	0.0	0.0	0.0	8.57	8.57	17.14	11.43	2.86	14.29	0.0	2.86	0.0	0.0	0.0	8.57	5.71	0.0	0.0	0.0	2.86	17.14	0.0	0.0	8.57
MARIAN	8.33	0.0	0.0	0.0	0.0	0.0	0.0	0.0	0.0	8.33	0.0	0.0	0.0	16.67	0.0	0.0	0.0	0.0	0.0	8.33	0.0	0.0	0.0	0.0	0.0	0.0	16.67	0.0	0.0	8.33	8.33	0.0	0.0	0.0	0.0	58.33	0.0	0.0	0.0	0.0	0.0	8.33	0.0	0.0	0.0	0.0	16.67	0.0	0.0	0.0	0.0	0.0	0.0	0.0	8.33	0.0	0.0	16.67	16.67	8.33	33.33	0.0	16.67	0.0	0.0	0.0	0.0	0.0	16.67	16.67	0.0	8.33	0.0	0.0	16.67	0.0	0.0	8.33
PAULA	0.0	0.0	0.0	0.0	0.0	0.0	0.0	0.0	0.0	0.0	0.0	0.0	0.0	0.0	0.0	0.0	0.0	0.0	0.0	0.0	0.0	0.0	0.0	0.0	0.0	0.0	0.0	0.0	0.0	0.0	0.0	0.0	0.0	0.0	0.0	0.0	0.0	0.0	0.0	0.0	0.0	0.0	0.0	0.0	0.0	0.0	0.0	0.0	0.0	0.0	0.0	0.0	100.00	0.0	0.0	0.0	0.0	0.0	0.0	0.0	0.0	0.0	0.0	0.0	0.0	0.0	0.0	0.0	0.0	0.0	0.0	0.0	0.0	0.0	0.0	0.0	0.0	0.0
MARIAN	14.29	0.0	0.0	0.0	0.0	0.0	0.0	0.0	0.0	14.29	0.0	0.0	0.0	0.0	0.0	14.29	0.0	0.0	0.0	0.0	0.0	28.57	0.0	0.0	0.0	14.29	14.29	0.0	0.0	0.0	0.0	0.0	0.0	0.0	0.0	85.71	0.0	0.0	0.0	0.0	0.0	0.0	0.0	0.0	0.0	0.0	14.29	0.0	0.0	0.0	0.0	0.0	0.0	0.0	0.0	0.0	0.0	14.29	0.0	14.29	28.57	14.29	0.0	0.0	0.0	0.0	0.0	0.0	14.29	0.0	0.0	0.0	14.29	0.0	28.57	0.0	0.0	0.0
PAULA	0.0	0.0	0.0	0.0	0.0	0.0	0.0	0.0	0.0	0.0	0.0	0.0	0.0	28.57	0.0	0.0	0.0	0.0	0.0	14.29	0.0	14.29	0.0	0.0	0.0	0.0	0.0	0.0	0.0	0.0	0.0	0.0	0.0	0.0	0.0	42.86	0.0	0.0	0.0	0.0	0.0	0.0	0.0	0.0	0.0	0.0	28.57	0.0	0.0	0.0	0.0	0.0	0.0	0.0	0.0	0.0	0.0	0.0	0.0	14.29	28.57	0.0	14.29	14.29	0.0	0.0	0.0	0.0	0.0	0.0	0.0	0.0	0.0	14.29	14.29	0.0	0.0	0.0
MARIAN	0.0	0.0	0.0	0.0	0.0	0.0	0.0	0.0	0.0	0.0	0.0	0.0	0.0	9.09	0.0	0.0	9.09	9.09	0.0	9.09	0.0	9.09	18.18	0.0	0.0	0.0	9.09	9.09	0.0	0.0	0.0	0.0	0.0	0.0	0.0	36.36	0.0	9.09	0.0	0.0	9.09	0.0	9.09	0.0	0.0	0.0	0.0	0.0	0.0	0.0	9.09	9.09	0.0	0.0	0.0	0.0	0.0	9.09	0.0	9.09	9.09	0.0	9.09	0.0	0.0	0.0	9.09	0.0	27.27	0.0	0.0	0.0	9.09	9.09	9.09	0.0	0.0	0.0
PAULA	2.78	0.0	0.0	0.0	0.0	0.0	0.0	0.0	2.78	0.0	0.0	0.0	0.0	11.11	0.0	2.78	11.11	0.0	0.0	8.33	0.0	11.11	5.56	5.56	0.0	2.78	25.00	0.0	0.0	5.56	2.78	2.78	2.78	0.0	0.0	61.11	0.0	0.0	2.78	0.0	2.78	8.33	2.78	0.0	8.33	0.0	5.56	0.0	0.0	0.0	5.56	2.78	0.0	0.0	2.78	5.56	8.33	19.44	13.89	13.89	25.00	2.78	19.44	0.0	0.0	0.0	0.0	2.78	22.22	13.89	0.0	5.56	5.56	5.56	16.67	0.0	0.0	2.78
RANDOM VOICES	0.0	0.0	0.0	0.0	0.0	0.0	0.0	0.0	0.0	0.0	0.0	0.0	0.0	5.00	5.00	0.0	10.00	5.00	0.0	0.0	0.0	15.00	0.0	0.0	0.0	0.0	20.00	5.00	5.00	5.00	5.00	0.0	0.0	0.0	0.0	65.00	0.0	0.0	0.0	0.0	5.00	0.0	15.00	0.0	0.0	0.0	10.00	0.0	0.0	5.00	0.0	5.00	0.0	0.0	5.00	5.00	5.00	20.00	15.00	20.00	30.00	0.0	15.00	0.0	0.0	5.00	0.0	5.00	25.00	5.00	0.0	5.00	5.00	5.00	25.00	10.00	0.0	0.0
BIKER	33.33	0.0	0.0	0.0	0.0	0.0	0.0	0.0	0.0	33.33	0.0	0.0	0.0	0.0	0.0	0.0	0.0	0.0	0.0	0.0	33.33	0.0	0.0	0.0	0.0	0.0	0.0	0.0	0.0	0.0	0.0	0.0	0.0	0.0	0.0	0.0	0.0	0.0	0.0	0.0	0.0	0.0	0.0	0.0	0.0	0.0	0.0	0.0	0.0	0.0	0.0	0.0	0.0	0.0	0.0	0.0	0.0	0.0	0.0	0.0	0.0	0.0	0.0	0.0	0.0	0.0	0.0	0.0	0.0	0.0	0.0	0.0	0.0	0.0	0.0	0.0	0.0	0.0
PAULA	0.0	0.0	0.0	0.0	0.0	0.0	0.0	0.0	0.0	0.0	0.0	0.0	0.0	0.0	0.0	0.0	0.0	0.0	0.0	14.29	0.0	14.29	0.0	0.0	0.0	14.29	14.29	0.0	0.0	0.0	0.0	0.0	0.0	0.0	0.0	57.14	0.0	0.0	0.0	14.29	0.0	0.0	0.0	0.0	0.0	0.0	0.0	0.0	0.0	14.29	14.29	0.0	0.0	0.0	14.29	0.0	0.0	14.29	0.0	0.0	14.29	14.29	28.57	0.0	0.0	0.0	0.0	0.0	14.29	0.0	0.0	0.0	0.0	14.29	14.29	0.0	0.0	14.29
MARIAN	0.0	0.0	0.0	0.0	0.0	0.0	0.0	0.0	0.0	0.0	0.0	0.0	0.0	12.50	4.17	4.17	4.17	0.0	0.0	8.33	0.0	12.50	0.0	0.0	4.17	0.0	12.50	0.0	0.0	4.17	0.0	0.0	0.0	0.0	0.0	62.50	4.17	0.0	0.0	0.0	0.0	0.0	0.0	0.0	0.0	0.0	8.33	0.0	0.0	0.0	0.0	0.0	0.0	0.0	8.33	4.17	4.17	8.33	8.33	8.33	16.67	12.50	8.33	0.0	0.0	4.17	0.0	0.0	8.33	4.17	0.0	4.17	4.17	4.17	20.83	0.0	0.0	4.17
MARIAN	0.0	0.0	0.0	0.0	0.0	0.0	0.0	0.0	0.0	0.0	0.0	0.0	0.0	0.0	0.0	0.0	9.09	0.0	0.0	0.0	0.0	27.27	0.0	0.0	0.0	0.0	18.18	0.0	0.0	9.09	0.0	9.09	0.0	0.0	0.0	72.73	9.09	0.0	0.0	0.0	0.0	0.0	9.09	0.0	0.0	0.0	9.09	0.0	0.0	0.0	0.0	0.0	0.0	0.0	9.09	0.0	9.09	9.09	18.18	9.09	18.18	9.09	0.0	0.0	0.0	0.0	0.0	0.0	18.18	0.0	0.0	0.0	0.0	0.0	27.27	0.0	0.0	9.09
MARIAN	0.0	0.0	0.0	0.0	0.0	0.0	0.0	0.0	0.0	0.0	0.0	0.0	0.0	10.00	0.0	10.00	0.0	0.0	0.0	0.0	0.0	20.00	0.0	0.0	0.0	0.0	30.00	0.0	0.0	0.0	10.00	0.0	0.0	0.0	0.0	80.00	0.0	0.0	0.0	0.0	0.0	10.00	0.0	0.0	0.0	10.00	20.00	0.0	0.0	0.0	10.00	0.0	0.0	0.0	0.0	0.0	0.0	10.00	20.00	30.00	30.00	0.0	20.00	0.0	0.0	0.0	0.0	0.0	0.0	10.00	0.0	20.00	0.0	10.00	30.00	0.0	0.0	0.0
PAULA	0.0	0.0	0.0	0.0	0.0	0.0	0.0	0.0	0.0	0.0	0.0	0.0	0.0	0.0	0.0	0.0	11.11	0.0	0.0	0.0	0.0	22.22	0.0	0.0	11.11	0.0	22.22	0.0	0.0	0.0	0.0	0.0	0.0	0.0	0.0	77.78	0.0	0.0	0.0	0.0	0.0	11.11	11.11	0.0	0.0	0.0	44.44	0.0	0.0	22.22	0.0	0.0	0.0	0.0	11.11	0.0	11.11	22.22	11.11	22.22	66.67	0.0	22.22	0.0	0.0	0.0	0.0	0.0	22.22	0.0	0.0	0.0	0.0	0.0	33.33	0.0	0.0	11.11
MARIAN	0.0	0.0	0.0	0.0	0.0	0.0	0.0	0.0	0.0	0.0	0.0	0.0	0.0	20.00	0.0	20.00	20.00	0.0	0.0	0.0	0.0	40.00	0.0	0.0	20.00	0.0	20.00	20.00	0.0	0.0	0.0	0.0	0.0	0.0	20.00	80.00	0.0	0.0	0.0	0.0	0.0	0.0	0.0	0.0	0.0	0.0	0.0	0.0	0.0	0.0	0.0	0.0	0.0	0.0	0.0	0.0	20.00	20.00	0.0	20.00	20.00	0.0	0.0	0.0	0.0	0.0	0.0	0.0	40.00	0.0	0.0	0.0	0.0	0.0	40.00	0.0	0.0	20.00
PAULA	0.0	0.0	0.0	0.0	0.0	0.0	0.0	0.0	0.0	0.0	0.0	0.0	0.0	0.0	0.0	0.0	50.00	0.0	0.0	0.0	0.0	50.00	0.0	0.0	0.0	0.0	0.0	0.0	0.0	0.0	0.0	0.0	0.0	0.0	0.0	100.00	0.0	0.0	0.0	0.0	0.0	100.00	0.0	0.0	0.0	0.0	0.0	0.0	0.0	0.0	0.0	0.0	0.0	0.0	0.0	0.0	50.00	100.00	0.0	50.00	100.00	0.0	0.0	0.0	0.0	0.0	0.0	0.0	0.0	0.0	0.0	0.0	0.0	0.0	50.00	0.0	0.0	0.0
MARIAN	0.0	0.0	0.0	0.0	0.0	0.0	0.0	0.0	0.0	0.0	0.0	0.0	0.0	0.0	0.0	0.0	0.0	0.0	0.0	0.0	0.0	0.0	0.0	0.0	0.0	0.0	50.00	0.0	0.0	0.0	0.0	0.0	0.0	0.0	0.0	50.00	0.0	0.0	0.0	0.0	0.0	0.0	0.0	0.0	0.0	0.0	50.00	0.0	0.0	0.0	0.0	0.0	0.0	0.0	0.0	0.0	0.0	0.0	0.0	0.0	50.00	0.0	0.0	0.0	0.0	0.0	0.0	0.0	100.00	0.0	0.0	50.00	0.0	0.0	0.0	0.0	0.0	0.0
PAULA	0.0	0.0	0.0	0.0	0.0	0.0	0.0	0.0	0.0	0.0	0.0	0.0	0.0	11.11	11.11	11.11	0.0	0.0	0.0	0.0	0.0	33.33	0.0	0.0	0.0	0.0	0.0	0.0	0.0	0.0	0.0	0.0	0.0	0.0	0.0	88.89	0.0	0.0	0.0	0.0	0.0	33.33	0.0	0.0	0.0	0.0	0.0	0.0	0.0	0.0	22.22	0.0	0.0	0.0	0.0	0.0	0.0	33.33	0.0	33.33	33.33	11.11	11.11	0.0	0.0	0.0	0.0	0.0	0.0	0.0	0.0	0.0	0.0	11.11	33.33	0.0	11.11	0.0
MARIAN	0.0	0.0	0.0	0.0	0.0	0.0	0.0	0.0	0.0	0.0	0.0	0.0	0.0	14.29	0.0	14.29	0.0	0.0	0.0	14.29	0.0	0.0	0.0	0.0	0.0	0.0	0.0	0.0	0.0	0.0	0.0	0.0	0.0	0.0	14.29	71.43	0.0	0.0	0.0	0.0	0.0	0.0	0.0	0.0	0.0	0.0	28.57	0.0	0.0	0.0	0.0	0.0	0.0	0.0	0.0	0.0	0.0	0.0	28.57	0.0	28.57	0.0	14.29	0.0	0.0	0.0	0.0	0.0	14.29	14.29	0.0	0.0	0.0	0.0	0.0	0.0	0.0	0.0
PAULA	0.0	0.0	0.0	0.0	0.0	0.0	0.0	0.0	0.0	0.0	0.0	0.0	0.0	50.00	0.0	0.0	0.0	0.0	0.0	0.0	0.0	0.0	0.0	0.0	0.0	0.0	0.0	0.0	0.0	0.0	0.0	0.0	0.0	0.0	0.0	50.00	0.0	0.0	0.0	0.0	0.0	0.0	0.0	0.0	0.0	0.0	50.00	0.0	0.0	0.0	0.0	0.0	0.0	0.0	0.0	0.0	0.0	0.0	0.0	0.0	50.00	0.0	0.0	0.0	0.0	0.0	0.0	0.0	0.0	0.0	0.0	0.0	0.0	0.0	0.0	0.0	0.0	0.0
MARIAN	40.00	0.0	0.0	0.0	0.0	0.0	0.0	0.0	0.0	40.00	0.0	0.0	0.0	0.0	0.0	0.0	0.0	0.0	0.0	0.0	0.0	0.0	0.0	0.0	0.0	0.0	20.00	0.0	0.0	0.0	0.0	0.0	0.0	0.0	0.0	20.00	0.0	0.0	0.0	0.0	0.0	0.0	0.0	0.0	0.0	20.00	0.0	0.0	0.0	0.0	0.0	0.0	0.0	0.0	0.0	0.0	0.0	20.00	0.0	20.00	20.00	0.0	0.0	0.0	0.0	0.0	0.0	0.0	20.00	0.0	0.0	0.0	0.0	0.0	20.00	0.0	0.0	20.00
PAULA	0.0	0.0	0.0	0.0	0.0	0.0	0.0	0.0	0.0	0.0	0.0	0.0	0.0	0.0	0.0	0.0	0.0	0.0	0.0	0.0	0.0	0.0	0.0	0.0	0.0	0.0	0.0	0.0	0.0	0.0	0.0	100.00	0.0	0.0	0.0	0.0	0.0	0.0	0.0	0.0	0.0	0.0	0.0	0.0	0.0	0.0	0.0	0.0	0.0	0.0	0.0	0.0	0.0	0.0	0.0	0.0	0.0	0.0	0.0	0.0	0.0	0.0	0.0	0.0	0.0	0.0	0.0	0.0	100.00	0.0	0.0	0.0	0.0	0.0	0.0	0.0	0.0	0.0
MARIAN	0.0	0.0	0.0	0.0	0.0	0.0	0.0	0.0	0.0	0.0	0.0	0.0	0.0	0.0	0.0	12.50	12.50	0.0	0.0	0.0	0.0	12.50	0.0	0.0	0.0	0.0	12.50	0.0	0.0	0.0	0.0	0.0	0.0	0.0	0.0	62.50	0.0	0.0	0.0	0.0	0.0	0.0	12.50	0.0	0.0	0.0	0.0	0.0	0.0	0.0	0.0	0.0	12.50	0.0	12.50	12.50	12.50	12.50	25.00	0.0	12.50	0.0	37.50	0.0	0.0	12.50	0.0	0.0	12.50	37.50	0.0	0.0	12.50	0.0	12.50	0.0	0.0	0.0
PAULA	0.0	0.0	0.0	0.0	0.0	0.0	0.0	0.0	0.0	0.0	0.0	0.0	0.0	0.0	0.0	0.0	0.0	0.0	0.0	33.33	0.0	0.0	0.0	0.0	0.0	0.0	0.0	0.0	0.0	0.0	0.0	0.0	0.0	0.0	0.0	66.67	0.0	0.0	0.0	0.0	0.0	0.0	0.0	0.0	0.0	0.0	0.0	33.33	0.0	0.0	0.0	0.0	0.0	0.0	0.0	0.0	0.0	0.0	33.33	0.0	0.0	0.0	0.0	0.0	0.0	0.0	0.0	0.0	0.0	0.0	0.0	0.0	0.0	0.0	0.0	0.0	33.33	0.0
MARIAN	0.0	0.0	0.0	0.0	0.0	0.0	0.0	0.0	0.0	0.0	0.0	0.0	0.0	25.00	0.0	0.0	0.0	0.0	0.0	0.0	0.0	25.00	0.0	0.0	0.0	0.0	25.00	25.00	0.0	0.0	25.00	0.0	0.0	0.0	0.0	75.00	0.0	0.0	0.0	0.0	0.0	25.00	0.0	0.0	0.0	0.0	0.0	0.0	0.0	0.0	0.0	0.0	0.0	0.0	25.00	0.0	0.0	25.00	0.0	0.0	25.00	0.0	0.0	0.0	0.0	0.0	0.0	0.0	0.0	0.0	0.0	0.0	0.0	0.0	25.00	0.0	0.0	0.0
PAULA	10.00	0.0	0.0	0.0	0.0	0.0	0.0	0.0	0.0	10.00	0.0	0.0	0.0	10.00	0.0	10.00	0.0	0.0	0.0	0.0	0.0	20.00	0.0	0.0	0.0	0.0	30.00	10.00	0.0	0.0	0.0	0.0	0.0	0.0	0.0	60.00	0.0	0.0	0.0	0.0	0.0	10.00	10.00	0.0	0.0	10.00	0.0	0.0	0.0	0.0	0.0	0.0	0.0	0.0	20.00	10.00	0.0	10.00	0.0	0.0	10.00	10.00	0.0	0.0	0.0	10.00	0.0	0.0	0.0	0.0	0.0	10.00	0.0	0.0	20.00	0.0	0.0	0.0
MARIAN	0.0	0.0	0.0	0.0	0.0	0.0	0.0	0.0	0.0	0.0	0.0	0.0	0.0	0.0	0.0	0.0	0.0	0.0	0.0	0.0	0.0	0.0	0.0	0.0	0.0	0.0	50.00	0.0	0.0	0.0	0.0	0.0	0.0	0.0	0.0	50.00	0.0	0.0	0.0	0.0	0.0	0.0	16.67	0.0	0.0	16.67	0.0	0.0	0.0	0.0	0.0	0.0	0.0	0.0	33.33	0.0	0.0	33.33	16.67	0.0	33.33	0.0	0.0	0.0	0.0	0.0	0.0	16.67	33.33	0.0	0.0	33.33	0.0	0.0	33.33	0.0	0.0	16.67
PAULA	0.0	0.0	0.0	0.0	0.0	0.0	0.0	0.0	0.0	0.0	0.0	0.0	0.0	0.0	0.0	14.29	0.0	0.0	0.0	0.0	0.0	14.29	0.0	0.0	0.0	0.0	14.29	0.0	0.0	14.29	0.0	0.0	0.0	0.0	0.0	71.43	0.0	0.0	0.0	0.0	0.0	14.29	0.0	0.0	0.0	0.0	14.29	0.0	0.0	0.0	14.29	0.0	0.0	0.0	0.0	0.0	0.0	14.29	28.57	28.57	28.57	0.0	0.0	0.0	0.0	0.0	0.0	0.0	14.29	0.0	0.0	0.0	0.0	0.0	28.57	0.0	0.0	0.0
MARIAN	0.0	0.0	0.0	0.0	0.0	0.0	0.0	0.0	0.0	0.0	0.0	0.0	0.0	14.29	0.0	0.0	0.0	0.0	0.0	0.0	0.0	0.0	0.0	0.0	0.0	14.29	42.86	0.0	0.0	0.0	0.0	0.0	0.0	0.0	0.0	71.43	0.0	0.0	0.0	0.0	0.0	14.29	0.0	0.0	0.0	14.29	14.29	0.0	0.0	0.0	14.29	0.0	0.0	0.0	0.0	0.0	0.0	42.86	0.0	14.29	57.14	0.0	14.29	0.0	0.0	0.0	0.0	0.0	42.86	0.0	0.0	14.29	0.0	14.29	14.29	0.0	0.0	28.57
PAULA	4.17	0.0	0.0	0.0	0.0	0.0	0.0	0.0	4.17	0.0	0.0	0.0	0.0	12.50	0.0	0.0	4.17	0.0	0.0	4.17	0.0	8.33	8.33	8.33	0.0	4.17	20.83	0.0	0.0	12.50	4.17	4.17	4.17	0.0	0.0	54.17	0.0	0.0	0.0	0.0	0.0	8.33	0.0	0.0	0.0	0.0	8.33	0.0	0.0	0.0	8.33	0.0	0.0	0.0	0.0	8.33	4.17	20.83	12.50	20.83	29.17	4.17	8.33	0.0	0.0	4.17	0.0	4.17	16.67	4.17	0.0	0.0	0.0	4.17	20.83	0.0	0.0	8.33
MARIAN	0.0	0.0	0.0	0.0	0.0	0.0	0.0	0.0	0.0	0.0	0.0	0.0	0.0	6.67	0.0	6.67	6.67	0.0	0.0	0.0	0.0	26.67	6.67	6.67	0.0	0.0	6.67	6.67	0.0	6.67	0.0	0.0	0.0	0.0	0.0	80.00	0.0	0.0	6.67	0.0	0.0	13.33	0.0	0.0	0.0	0.0	0.0	0.0	0.0	0.0	6.67	0.0	0.0	0.0	0.0	6.67	6.67	40.00	6.67	26.67	40.00	0.0	6.67	0.0	0.0	0.0	0.0	0.0	33.33	6.67	0.0	0.0	13.33	0.0	33.33	0.0	0.0	13.33
DISCIPLE PROSPECT	0.0	0.0	0.0	0.0	0.0	0.0	0.0	0.0	0.0	0.0	0.0	0.0	0.0	18.18	0.0	9.09	0.0	0.0	0.0	0.0	9.09	18.18	0.0	0.0	0.0	0.0	36.36	0.0	0.0	0.0	18.18	0.0	0.0	0.0	0.0	72.73	0.0	0.0	0.0	0.0	0.0	0.0	0.0	0.0	9.09	9.09	9.09	9.09	0.0	0.0	9.09	0.0	0.0	0.0	0.0	0.0	0.0	27.27	9.09	27.27	36.36	0.0	9.09	0.0	0.0	0.0	0.0	0.0	27.27	9.09	0.0	0.0	0.0	0.0	27.27	0.0	0.0	27.27
MARIAN	0.0	0.0	0.0	0.0	0.0	0.0	0.0	0.0	0.0	0.0	0.0	0.0	0.0	0.0	0.0	0.0	0.0	0.0	0.0	0.0	50.00	0.0	0.0	0.0	0.0	0.0	0.0	0.0	0.0	0.0	0.0	0.0	0.0	0.0	0.0	50.00	0.0	0.0	0.0	0.0	0.0	0.0	0.0	0.0	0.0	0.0	0.0	0.0	0.0	0.0	50.00	0.0	0.0	0.0	0.0	0.0	0.0	0.0	0.0	0.0	0.0	0.0	0.0	0.0	0.0	0.0	0.0	0.0	0.0	0.0	0.0	0.0	0.0	0.0	0.0	0.0	0.0	0.0
DISCIPLE PROSPECT	0.0	0.0	0.0	0.0	0.0	0.0	0.0	0.0	0.0	0.0	0.0	0.0	0.0	0.0	0.0	0.0	0.0	0.0	0.0	0.0	33.33	33.33	0.0	0.0	0.0	0.0	0.0	0.0	0.0	0.0	0.0	0.0	0.0	0.0	0.0	100.00	0.0	0.0	0.0	0.0	0.0	0.0	0.0	0.0	0.0	0.0	100.00	0.0	0.0	0.0	0.0	0.0	0.0	0.0	0.0	0.0	0.0	0.0	0.0	33.33	100.00	0.0	0.0	0.0	0.0	0.0	0.0	0.0	0.0	0.0	0.0	0.0	0.0	0.0	33.33	0.0	0.0	0.0
KID	0.0	0.0	0.0	0.0	0.0	0.0	0.0	0.0	0.0	0.0	0.0	0.0	0.0	0.0	0.0	0.0	16.67	16.67	0.0	0.0	0.0	16.67	16.67	16.67	0.0	0.0	0.0	0.0	0.0	0.0	0.0	0.0	0.0	0.0	0.0	66.67	0.0	0.0	0.0	0.0	0.0	33.33	0.0	0.0	0.0	0.0	0.0	0.0	0.0	0.0	16.67	16.67	0.0	0.0	16.67	0.0	0.0	33.33	16.67	16.67	33.33	0.0	16.67	0.0	0.0	0.0	0.0	0.0	0.0	16.67	16.67	0.0	0.0	0.0	33.33	0.0	0.0	0.0
DISCIPLE PROSPECT	0.0	0.0	0.0	0.0	0.0	0.0	0.0	0.0	0.0	0.0	0.0	0.0	0.0	7.14	0.0	7.14	9.52	0.0	0.0	4.76	0.0	16.67	0.0	0.0	2.38	0.0	23.81	9.52	0.0	7.14	0.0	0.0	2.38	0.0	0.0	76.19	0.0	0.0	2.38	0.0	4.76	0.0	9.52	0.0	0.0	2.38	14.29	2.38	0.0	0.0	4.76	4.76	2.38	0.0	2.38	4.76	4.76	19.05	9.52	21.43	33.33	2.38	7.14	0.0	0.0	0.0	0.0	0.0	28.57	2.38	0.0	2.38	0.0	4.76	23.81	4.76	2.38	14.29
WOMAN	0.0	0.0	0.0	0.0	0.0	0.0	0.0	0.0	0.0	0.0	0.0	0.0	0.0	0.0	0.0	0.0	0.0	0.0	0.0	0.0	0.0	0.0	0.0	0.0	0.0	0.0	0.0	0.0	0.0	0.0	0.0	0.0	0.0	0.0	0.0	0.0	0.0	0.0	0.0	0.0	0.0	0.0	0.0	0.0	0.0	0.0	0.0	0.0	0.0	0.0	0.0	0.0	0.0	0.0	0.0	0.0	0.0	0.0	0.0	0.0	0.0	0.0	0.0	0.0	0.0	0.0	0.0	0.0	100.00	0.0	0.0	0.0	0.0	0.0	0.0	0.0	0.0	0.0
MARIAN	0.0	0.0	0.0	0.0	0.0	0.0	0.0	0.0	0.0	0.0	0.0	0.0	0.0	7.69	7.69	7.69	7.69	0.0	0.0	0.0	0.0	15.38	0.0	0.0	0.0	0.0	15.38	15.38	0.0	0.0	0.0	15.38	0.0	0.0	0.0	76.92	0.0	0.0	0.0	0.0	0.0	46.15	15.38	0.0	0.0	0.0	0.0	0.0	0.0	0.0	0.0	7.69	0.0	0.0	7.69	0.0	0.0	53.85	0.0	15.38	53.85	0.0	0.0	0.0	7.69	0.0	0.0	7.69	23.08	0.0	0.0	0.0	0.0	0.0	23.08	0.0	0.0	0.0
MARIAN	0.0	0.0	0.0	0.0	0.0	0.0	0.0	0.0	0.0	0.0	0.0	0.0	0.0	0.0	0.0	0.0	0.0	0.0	0.0	0.0	0.0	0.0	0.0	0.0	0.0	0.0	0.0	0.0	0.0	0.0	0.0	0.0	0.0	0.0	0.0	0.0	0.0	0.0	0.0	0.0	0.0	0.0	0.0	0.0	0.0	0.0	0.0	0.0	0.0	0.0	0.0	0.0	0.0	0.0	0.0	0.0	0.0	0.0	0.0	0.0	0.0	0.0	0.0	0.0	0.0	0.0	0.0	0.0	100.00	0.0	0.0	0.0	0.0	0.0	0.0	0.0	0.0	0.0
DISCIPLE	0.0	0.0	0.0	0.0	0.0	0.0	0.0	0.0	0.0	0.0	0.0	0.0	0.0	0.0	0.0	0.0	0.0	0.0	0.0	0.0	0.0	0.0	0.0	0.0	0.0	0.0	0.0	0.0	0.0	0.0	0.0	0.0	0.0	0.0	0.0	50.00	0.0	0.0	0.0	0.0	0.0	0.0	0.0	0.0	0.0	0.0	0.0	0.0	0.0	0.0	0.0	0.0	0.0	0.0	0.0	0.0	0.0	50.00	0.0	0.0	50.00	0.0	0.0	0.0	0.0	0.0	0.0	50.00	50.00	0.0	0.0	0.0	0.0	0.0	0.0	0.0	0.0	0.0
KID	0.0	0.0	0.0	0.0	0.0	0.0	0.0	0.0	0.0	0.0	0.0	0.0	0.0	0.0	0.0	0.0	0.0	0.0	0.0	0.0	0.0	0.0	0.0	0.0	0.0	50.00	50.00	0.0	0.0	0.0	0.0	0.0	0.0	0.0	0.0	50.00	0.0	0.0	0.0	0.0	0.0	0.0	0.0	0.0	0.0	0.0	0.0	0.0	0.0	0.0	0.0	0.0	0.0	0.0	0.0	0.0	0.0	0.0	0.0	0.0	0.0	50.00	50.00	0.0	0.0	0.0	0.0	0.0	0.0	50.00	0.0	0.0	0.0	0.0	0.0	0.0	0.0	0.0
MARIAN	5.77	0.0	0.0	0.0	0.0	0.0	0.0	0.0	0.0	5.77	0.0	0.0	0.0	7.69	1.92	7.69	5.77	0.0	0.0	5.77	1.92	13.46	0.0	0.0	0.0	0.0	9.62	7.69	0.0	3.85	0.0	1.92	0.0	0.0	0.0	59.62	1.92	0.0	0.0	1.92	0.0	0.0	5.77	0.0	0.0	0.0	3.85	0.0	0.0	5.77	0.0	1.92	0.0	0.0	1.92	0.0	3.85	19.23	9.62	15.38	23.08	0.0	15.38	1.92	1.92	0.0	0.0	13.46	26.92	3.85	0.0	0.0	0.0	5.77	21.15	0.0	0.0	5.77
MARIAN	0.0	0.0	0.0	0.0	0.0	0.0	0.0	0.0	0.0	0.0	0.0	0.0	0.0	0.0	0.0	0.0	40.00	0.0	0.0	0.0	20.00	20.00	0.0	0.0	0.0	0.0	0.0	0.0	0.0	0.0	0.0	0.0	0.0	0.0	0.0	40.00	0.0	0.0	0.0	0.0	0.0	20.00	0.0	0.0	0.0	0.0	0.0	0.0	0.0	0.0	20.00	20.00	0.0	0.0	0.0	0.0	20.00	20.00	0.0	20.00	20.00	0.0	0.0	0.0	20.00	0.0	0.0	0.0	0.0	0.0	0.0	0.0	0.0	0.0	20.00	0.0	0.0	0.0
DISCIPLE PROSPECT	0.0	0.0	0.0	0.0	0.0	0.0	0.0	0.0	0.0	0.0	0.0	0.0	0.0	0.0	0.0	12.50	0.0	0.0	0.0	12.50	0.0	0.0	0.0	0.0	12.50	0.0	37.50	0.0	0.0	12.50	12.50	0.0	0.0	0.0	0.0	50.00	0.0	0.0	0.0	0.0	12.50	12.50	0.0	0.0	0.0	0.0	0.0	0.0	0.0	0.0	0.0	0.0	0.0	0.0	0.0	0.0	0.0	12.50	12.50	25.00	12.50	0.0	0.0	0.0	0.0	0.0	0.0	0.0	25.00	0.0	0.0	0.0	0.0	0.0	25.00	0.0	0.0	0.0
MARIAN	0.0	0.0	0.0	0.0	0.0	0.0	0.0	0.0	0.0	0.0	0.0	0.0	0.0	0.0	0.0	0.0	0.0	0.0	0.0	0.0	11.11	11.11	0.0	0.0	0.0	0.0	11.11	11.11	0.0	0.0	0.0	0.0	0.0	0.0	0.0	66.67	0.0	0.0	0.0	0.0	0.0	11.11	11.11	0.0	0.0	0.0	0.0	0.0	0.0	0.0	0.0	0.0	0.0	0.0	0.0	0.0	0.0	22.22	22.22	11.11	22.22	0.0	33.33	0.0	0.0	0.0	0.0	0.0	11.11	11.11	0.0	0.0	0.0	11.11	22.22	0.0	0.0	11.11
DISCIPLE PROSPECT	0.0	0.0	0.0	0.0	0.0	0.0	0.0	0.0	0.0	0.0	0.0	0.0	0.0	14.29	14.29	0.0	14.29	0.0	0.0	0.0	0.0	14.29	0.0	0.0	0.0	0.0	0.0	0.0	0.0	0.0	0.0	0.0	0.0	0.0	0.0	57.14	0.0	0.0	0.0	0.0	0.0	0.0	0.0	0.0	0.0	0.0	14.29	0.0	0.0	0.0	0.0	14.29	0.0	0.0	28.57	0.0	0.0	28.57	0.0	0.0	42.86	0.0	0.0	0.0	14.29	0.0	0.0	0.0	28.57	0.0	0.0	0.0	0.0	0.0	28.57	0.0	0.0	28.57
MARIAN	0.0	0.0	0.0	0.0	0.0	0.0	0.0	0.0	0.0	0.0	0.0	0.0	0.0	0.0	0.0	0.0	25.00	0.0	0.0	25.00	0.0	25.00	0.0	0.0	0.0	0.0	0.0	0.0	0.0	0.0	0.0	0.0	0.0	0.0	0.0	50.00	0.0	0.0	0.0	0.0	0.0	0.0	0.0	0.0	0.0	0.0	0.0	0.0	0.0	0.0	0.0	0.0	0.0	0.0	0.0	0.0	25.00	0.0	0.0	25.00	0.0	0.0	25.00	0.0	0.0	0.0	0.0	0.0	0.0	0.0	0.0	0.0	0.0	25.00	25.00	0.0	0.0	0.0
WOMAN	0.0	0.0	0.0	0.0	0.0	0.0	0.0	0.0	0.0	0.0	0.0	0.0	0.0	0.0	0.0	0.0	0.0	0.0	0.0	0.0	0.0	0.0	0.0	0.0	0.0	0.0	0.0	0.0	0.0	0.0	0.0	0.0	0.0	0.0	0.0	0.0	0.0	0.0	0.0	0.0	0.0	0.0	0.0	0.0	0.0	0.0	0.0	0.0	0.0	0.0	0.0	0.0	0.0	0.0	0.0	0.0	0.0	0.0	0.0	0.0	0.0	0.0	0.0	0.0	0.0	0.0	0.0	0.0	100.00	0.0	0.0	0.0	0.0	0.0	0.0	0.0	0.0	0.0
DISCIPLE PROSPECT	0.0	0.0	0.0	0.0	0.0	0.0	0.0	0.0	0.0	0.0	0.0	0.0	0.0	100.00	0.0	0.0	0.0	0.0	0.0	0.0	0.0	0.0	0.0	0.0	0.0	0.0	0.0	0.0	0.0	0.0	0.0	0.0	0.0	0.0	0.0	0.0	0.0	0.0	0.0	0.0	0.0	0.0	0.0	0.0	0.0	0.0	0.0	0.0	0.0	0.0	0.0	0.0	0.0	0.0	0.0	0.0	0.0	0.0	0.0	0.0	0.0	0.0	0.0	0.0	0.0	0.0	0.0	0.0	0.0	0.0	0.0	0.0	0.0	0.0	0.0	0.0	0.0	0.0
PAULA	0.0	0.0	0.0	0.0	0.0	0.0	0.0	0.0	0.0	0.0	0.0	0.0	0.0	4.00	0.0	8.00	8.00	0.0	0.0	4.00	4.00	16.00	0.0	0.0	0.0	0.0	24.00	8.00	0.0	8.00	4.00	0.0	0.0	0.0	0.0	60.00	4.00	0.0	0.0	0.0	0.0	12.00	8.00	0.0	0.0	0.0	0.0	4.00	0.0	8.00	0.0	4.00	0.0	0.0	0.0	4.00	4.00	20.00	8.00	24.00	20.00	0.0	24.00	0.0	4.00	4.00	0.0	0.0	8.00	8.00	0.0	12.00	0.0	8.00	28.00	4.00	0.0	4.00
PAULA	0.0	0.0	0.0	0.0	0.0	0.0	0.0	0.0	0.0	0.0	0.0	0.0	0.0	0.0	0.0	0.0	0.0	0.0	0.0	0.0	0.0	0.0	0.0	0.0	0.0	0.0	0.0	0.0	0.0	0.0	0.0	0.0	0.0	0.0	0.0	50.00	0.0	0.0	0.0	0.0	0.0	0.0	0.0	0.0	0.0	0.0	0.0	0.0	0.0	0.0	0.0	0.0	0.0	50.00	0.0	0.0	0.0	0.0	0.0	0.0	0.0	0.0	50.00	0.0	0.0	0.0	0.0	0.0	0.0	50.00	0.0	0.0	0.0	0.0	0.0	0.0	0.0	0.0
PAULA	0.0	0.0	0.0	0.0	0.0	0.0	0.0	0.0	0.0	0.0	0.0	0.0	0.0	0.0	14.29	0.0	14.29	0.0	0.0	14.29	14.29	14.29	0.0	0.0	0.0	0.0	0.0	0.0	0.0	0.0	0.0	0.0	0.0	0.0	0.0	42.86	0.0	0.0	14.29	0.0	0.0	0.0	0.0	0.0	0.0	0.0	14.29	0.0	0.0	0.0	0.0	0.0	0.0	0.0	0.0	14.29	14.29	0.0	0.0	14.29	14.29	0.0	0.0	0.0	0.0	0.0	0.0	0.0	0.0	0.0	0.0	0.0	0.0	0.0	14.29	0.0	0.0	0.0
MARIAN	0.0	0.0	0.0	0.0	0.0	0.0	0.0	0.0	0.0	0.0	0.0	0.0	0.0	0.0	0.0	0.0	0.0	0.0	0.0	0.0	0.0	33.33	0.0	0.0	0.0	0.0	0.0	0.0	0.0	0.0	0.0	0.0	0.0	0.0	0.0	100.00	0.0	0.0	0.0	0.0	0.0	0.0	0.0	0.0	0.0	0.0	66.67	0.0	0.0	0.0	0.0	0.0	0.0	0.0	0.0	0.0	0.0	0.0	0.0	33.33	66.67	0.0	0.0	0.0	0.0	0.0	0.0	0.0	33.33	0.0	0.0	0.0	0.0	0.0	33.33	0.0	0.0	0.0
MARIKA	0.0	0.0	0.0	0.0	0.0	0.0	0.0	0.0	0.0	0.0	0.0	0.0	0.0	0.0	0.0	20.00	0.0	0.0	0.0	0.0	0.0	40.00	0.0	0.0	0.0	0.0	0.0	0.0	0.0	0.0	0.0	0.0	0.0	0.0	0.0	80.00	0.0	0.0	0.0	0.0	0.0	0.0	0.0	0.0	0.0	0.0	40.00	0.0	0.0	0.0	0.0	0.0	0.0	0.0	0.0	0.0	0.0	0.0	0.0	40.00	40.00	0.0	0.0	0.0	0.0	0.0	0.0	0.0	0.0	0.0	0.0	0.0	0.0	0.0	40.00	0.0	0.0	0.0
MARIAN	0.0	0.0	0.0	0.0	0.0	0.0	0.0	0.0	0.0	0.0	0.0	0.0	0.0	0.0	16.67	0.0	0.0	0.0	0.0	0.0	0.0	33.33	0.0	0.0	0.0	0.0	0.0	0.0	0.0	0.0	0.0	16.67	0.0	0.0	0.0	100.00	0.0	0.0	0.0	0.0	0.0	33.33	0.0	0.0	0.0	0.0	0.0	0.0	0.0	0.0	0.0	0.0	0.0	0.0	0.0	0.0	0.0	83.33	16.67	33.33	83.33	0.0	16.67	0.0	0.0	0.0	0.0	50.00	66.67	16.67	0.0	0.0	0.0	0.0	33.33	0.0	16.67	0.0
MARIKA	0.0	0.0	0.0	0.0	0.0	0.0	0.0	0.0	0.0	0.0	0.0	0.0	0.0	33.33	0.0	0.0	0.0	0.0	0.0	0.0	16.67	16.67	0.0	0.0	0.0	0.0	16.67	0.0	0.0	0.0	0.0	0.0	0.0	0.0	0.0	33.33	0.0	0.0	0.0	0.0	0.0	16.67	0.0	0.0	0.0	16.67	0.0	0.0	0.0	0.0	0.0	0.0	0.0	0.0	33.33	0.0	0.0	16.67	0.0	0.0	16.67	0.0	33.33	0.0	0.0	0.0	0.0	0.0	0.0	0.0	0.0	0.0	0.0	33.33	33.33	0.0	0.0	0.0
MARIKA	0.0	0.0	0.0	0.0	0.0	0.0	0.0	0.0	0.0	0.0	0.0	0.0	0.0	14.29	0.0	0.0	14.29	0.0	0.0	14.29	0.0	28.57	0.0	0.0	0.0	0.0	0.0	0.0	0.0	0.0	0.0	0.0	0.0	0.0	0.0	71.43	0.0	0.0	0.0	0.0	0.0	42.86	0.0	0.0	0.0	0.0	0.0	0.0	0.0	0.0	0.0	14.29	0.0	0.0	14.29	0.0	0.0	42.86	0.0	14.29	42.86	0.0	14.29	0.0	0.0	0.0	0.0	0.0	0.0	0.0	0.0	0.0	0.0	14.29	28.57	0.0	0.0	0.0
MARIAN	0.0	0.0	0.0	0.0	0.0	0.0	0.0	0.0	0.0	0.0	0.0	0.0	0.0	20.00	0.0	0.0	0.0	0.0	0.0	20.00	20.00	0.0	0.0	0.0	0.0	0.0	20.00	0.0	0.0	20.00	0.0	0.0	0.0	0.0	0.0	40.00	0.0	0.0	0.0	0.0	0.0	0.0	0.0	0.0	0.0	0.0	0.0	0.0	0.0	0.0	0.0	0.0	0.0	0.0	0.0	0.0	0.0	20.00	0.0	20.00	20.00	0.0	0.0	0.0	0.0	0.0	0.0	0.0	20.00	0.0	0.0	0.0	0.0	0.0	20.00	0.0	0.0	20.00
MARIKA	2.74	0.0	0.0	0.0	0.0	0.0	0.0	0.0	0.0	2.74	0.0	0.0	0.0	8.22	0.0	5.48	2.74	0.0	0.0	9.59	0.0	6.85	4.11	0.0	1.37	0.0	19.18	12.33	0.0	0.0	1.37	1.37	0.0	0.0	0.0	63.01	0.0	4.11	0.0	0.0	2.74	9.59	10.96	0.0	0.0	4.11	4.11	1.37	1.37	2.74	1.37	2.74	0.0	2.74	10.96	0.0	0.0	13.70	10.96	1.37	17.81	0.0	19.18	0.0	0.0	0.0	0.0	2.74	12.33	12.33	0.0	1.37	0.0	4.11	12.33	1.37	0.0	0.0
MARIAN	5.88	0.0	0.0	0.0	0.0	0.0	0.0	0.0	0.0	5.88	0.0	0.0	0.0	0.0	0.0	0.0	0.0	0.0	0.0	5.88	0.0	11.76	0.0	0.0	0.0	5.88	17.65	0.0	0.0	0.0	0.0	11.76	0.0	0.0	0.0	64.71	0.0	0.0	0.0	0.0	5.88	0.0	5.88	0.0	0.0	0.0	0.0	0.0	0.0	11.76	0.0	0.0	0.0	0.0	11.76	0.0	0.0	23.53	11.76	5.88	23.53	11.76	17.65	5.88	0.0	0.0	0.0	5.88	41.18	5.88	0.0	0.0	11.76	0.0	17.65	5.88	0.0	0.0
MARIKA	0.0	0.0	0.0	0.0	0.0	0.0	0.0	0.0	0.0	0.0	0.0	0.0	0.0	0.0	0.0	100.00	0.0	0.0	0.0	0.0	0.0	0.0	0.0	0.0	0.0	0.0	100.00	0.0	0.0	0.0	100.00	0.0	0.0	0.0	0.0	100.00	0.0	0.0	0.0	0.0	0.0	0.0	0.0	0.0	0.0	0.0	0.0	0.0	0.0	0.0	0.0	0.0	0.0	0.0	0.0	0.0	0.0	0.0	0.0	0.0	0.0	0.0	0.0	0.0	0.0	0.0	0.0	0.0	0.0	0.0	0.0	0.0	0.0	0.0	0.0	0.0	0.0	0.0
MARIAN	0.0	0.0	0.0	0.0	0.0	0.0	0.0	0.0	0.0	0.0	0.0	0.0	0.0	14.29	0.0	14.29	0.0	0.0	0.0	14.29	14.29	14.29	0.0	0.0	0.0	0.0	0.0	0.0	0.0	0.0	0.0	0.0	0.0	0.0	0.0	57.14	0.0	0.0	0.0	0.0	0.0	0.0	0.0	0.0	0.0	0.0	14.29	0.0	0.0	0.0	0.0	0.0	0.0	0.0	14.29	0.0	0.0	0.0	0.0	0.0	14.29	0.0	14.29	0.0	0.0	0.0	0.0	0.0	0.0	14.29	0.0	0.0	0.0	0.0	14.29	0.0	0.0	0.0
MARIKA	0.0	0.0	0.0	0.0	0.0	0.0	0.0	0.0	0.0	0.0	0.0	0.0	0.0	50.00	0.0	0.0	0.0	0.0	0.0	0.0	0.0	0.0	0.0	0.0	0.0	0.0	0.0	0.0	0.0	0.0	0.0	0.0	0.0	0.0	0.0	50.00	0.0	0.0	0.0	0.0	0.0	0.0	0.0	0.0	0.0	0.0	50.00	0.0	0.0	0.0	0.0	0.0	0.0	0.0	50.00	0.0	0.0	0.0	0.0	0.0	50.00	0.0	0.0	0.0	0.0	0.0	0.0	0.0	0.0	0.0	0.0	0.0	0.0	0.0	50.00	0.0	0.0	0.0
MARIAN	0.0	0.0	0.0	0.0	0.0	0.0	0.0	0.0	0.0	0.0	0.0	0.0	0.0	7.14	0.0	0.0	0.0	0.0	0.0	0.0	0.0	7.14	0.0	0.0	0.0	0.0	14.29	7.14	0.0	0.0	0.0	0.0	0.0	0.0	0.0	42.86	0.0	0.0	7.14	0.0	14.29	7.14	14.29	0.0	0.0	0.0	14.29	0.0	7.14	21.43	0.0	0.0	0.0	0.0	14.29	7.14	0.0	7.14	7.14	7.14	21.43	0.0	28.57	0.0	0.0	0.0	0.0	0.0	21.43	14.29	0.0	0.0	0.0	7.14	21.43	0.0	0.0	0.0
MARIAN	0.0	0.0	0.0	0.0	0.0	0.0	0.0	0.0	0.0	0.0	0.0	0.0	0.0	0.0	0.0	0.0	0.0	0.0	0.0	0.0	0.0	10.53	0.0	0.0	0.0	0.0	31.58	5.26	0.0	5.26	0.0	5.26	0.0	0.0	0.0	63.16	5.26	0.0	0.0	0.0	0.0	5.26	15.79	0.0	0.0	5.26	0.0	0.0	0.0	5.26	0.0	0.0	0.0	0.0	0.0	0.0	0.0	26.32	15.79	15.79	26.32	10.53	21.05	0.0	0.0	0.0	0.0	10.53	31.58	10.53	0.0	5.26	0.0	5.26	21.05	0.0	0.0	10.53
MARIKA	0.0	0.0	0.0	0.0	0.0	0.0	0.0	0.0	0.0	0.0	0.0	0.0	0.0	0.0	0.0	0.0	0.0	0.0	0.0	0.0	0.0	50.00	0.0	0.0	0.0	0.0	0.0	0.0	0.0	0.0	0.0	0.0	0.0	0.0	0.0	100.00	0.0	0.0	0.0	0.0	0.0	0.0	0.0	0.0	0.0	0.0	25.00	0.0	0.0	0.0	0.0	0.0	0.0	0.0	0.0	0.0	0.0	25.00	0.0	50.00	50.00	0.0	0.0	0.0	0.0	0.0	0.0	25.00	25.00	0.0	0.0	0.0	0.0	0.0	50.00	0.0	0.0	0.0
MARIAN	0.0	0.0	0.0	0.0	0.0	0.0	0.0	0.0	0.0	0.0	0.0	0.0	0.0	25.00	0.0	0.0	0.0	0.0	0.0	25.00	0.0	25.00	0.0	0.0	0.0	0.0	0.0	0.0	0.0	0.0	0.0	0.0	0.0	0.0	0.0	75.00	0.0	0.0	0.0	0.0	0.0	0.0	0.0	0.0	0.0	0.0	0.0	0.0	0.0	0.0	0.0	0.0	0.0	0.0	0.0	0.0	0.0	50.00	0.0	25.00	50.00	0.0	0.0	0.0	0.0	0.0	0.0	50.00	50.00	0.0	0.0	0.0	0.0	0.0	25.00	0.0	0.0	0.0
MARIKA	5.56	0.0	0.0	0.0	0.0	0.0	0.0	0.0	0.0	5.56	0.0	0.0	0.0	11.11	0.0	11.11	16.67	0.0	0.0	11.11	5.56	16.67	0.0	0.0	5.56	0.0	11.11	0.0	0.0	5.56	0.0	0.0	0.0	0.0	0.0	55.56	5.56	0.0	5.56	0.0	5.56	0.0	0.0	0.0	0.0	0.0	5.56	0.0	0.0	5.56	0.0	0.0	5.56	0.0	0.0	5.56	16.67	11.11	0.0	11.11	16.67	0.0	5.56	0.0	0.0	0.0	0.0	0.0	22.22	0.0	0.0	0.0	0.0	0.0	22.22	0.0	0.0	11.11
MARIKA	0.0	0.0	0.0	0.0	0.0	0.0	0.0	0.0	0.0	0.0	0.0	0.0	0.0	0.0	0.0	6.67	0.0	0.0	0.0	0.0	0.0	20.00	0.0	0.0	0.0	0.0	33.33	20.00	0.0	20.00	0.0	0.0	0.0	0.0	0.0	66.67	13.33	0.0	6.67	0.0	0.0	6.67	13.33	0.0	0.0	0.0	0.0	0.0	0.0	13.33	13.33	0.0	0.0	0.0	0.0	6.67	0.0	20.00	6.67	20.00	20.00	0.0	26.67	0.0	0.0	0.0	0.0	0.0	13.33	6.67	0.0	0.0	13.33	6.67	40.00	0.0	0.0	0.0
MARIAN	6.25	0.0	0.0	0.0	0.0	0.0	0.0	0.0	0.0	6.25	0.0	0.0	0.0	6.25	0.0	12.50	6.25	0.0	6.25	0.0	0.0	12.50	0.0	0.0	0.0	6.25	12.50	6.25	0.0	0.0	0.0	0.0	0.0	0.0	0.0	75.00	0.0	0.0	0.0	0.0	0.0	6.25	0.0	0.0	0.0	6.25	6.25	0.0	0.0	0.0	6.25	6.25	0.0	0.0	0.0	6.25	0.0	31.25	6.25	25.00	37.50	6.25	6.25	0.0	0.0	6.25	0.0	0.0	25.00	6.25	0.0	6.25	18.75	0.0	25.00	0.0	0.0	6.25
MARIKA	50.00	0.0	0.0	0.0	0.0	0.0	0.0	0.0	0.0	50.00	0.0	0.0	0.0	0.0	0.0	0.0	0.0	0.0	0.0	0.0	0.0	0.0	0.0	0.0	0.0	0.0	0.0	0.0	0.0	0.0	0.0	0.0	0.0	0.0	0.0	0.0	0.0	0.0	0.0	0.0	0.0	0.0	0.0	0.0	0.0	0.0	0.0	0.0	0.0	0.0	0.0	0.0	0.0	0.0	0.0	0.0	0.0	0.0	0.0	0.0	0.0	0.0	0.0	0.0	0.0	0.0	0.0	0.0	0.0	0.0	0.0	0.0	0.0	0.0	0.0	0.0	0.0	0.0
MARIKA	0.0	0.0	0.0	0.0	0.0	0.0	0.0	0.0	0.0	0.0	0.0	0.0	0.0	9.09	0.0	9.09	0.0	0.0	0.0	9.09	0.0	9.09	0.0	0.0	0.0	0.0	18.18	0.0	0.0	0.0	0.0	9.09	0.0	0.0	0.0	72.73	0.0	0.0	0.0	0.0	0.0	0.0	0.0	0.0	0.0	9.09	0.0	0.0	0.0	0.0	9.09	0.0	0.0	0.0	9.09	0.0	0.0	27.27	9.09	9.09	27.27	9.09	0.0	0.0	0.0	0.0	0.0	0.0	36.36	0.0	0.0	9.09	9.09	0.0	18.18	0.0	0.0	18.18
MARIAN	4.35	0.0	0.0	0.0	0.0	0.0	0.0	0.0	4.35	0.0	0.0	0.0	0.0	21.74	0.0	4.35	8.70	0.0	0.0	0.0	0.0	0.0	0.0	0.0	0.0	0.0	13.04	0.0	0.0	4.35	4.35	0.0	0.0	0.0	0.0	43.48	0.0	0.0	0.0	0.0	4.35	17.39	4.35	0.0	0.0	0.0	0.0	4.35	0.0	0.0	0.0	0.0	0.0	0.0	4.35	4.35	8.70	21.74	17.39	13.04	21.74	0.0	17.39	0.0	0.0	4.35	0.0	0.0	17.39	8.70	0.0	0.0	0.0	4.35	17.39	0.0	0.0	4.35
DISCIPLE PROSPECT	0.0	0.0	0.0	0.0	0.0	0.0	0.0	0.0	0.0	0.0	0.0	0.0	0.0	33.33	0.0	0.0	50.00	0.0	0.0	0.0	16.67	16.67	0.0	0.0	0.0	16.67	33.33	0.0	0.0	16.67	0.0	0.0	0.0	0.0	0.0	50.00	0.0	0.0	0.0	0.0	0.0	0.0	0.0	0.0	0.0	0.0	0.0	0.0	0.0	0.0	16.67	16.67	0.0	0.0	0.0	0.0	33.33	33.33	0.0	16.67	33.33	0.0	0.0	0.0	0.0	0.0	0.0	0.0	50.00	0.0	0.0	0.0	0.0	0.0	16.67	0.0	0.0	33.33
MARIAN	0.0	0.0	0.0	0.0	0.0	0.0	0.0	0.0	0.0	0.0	0.0	0.0	0.0	4.55	0.0	0.0	9.09	0.0	0.0	4.55	0.0	4.55	0.0	0.0	0.0	4.55	18.18	4.55	0.0	0.0	0.0	4.55	0.0	0.0	0.0	59.09	0.0	0.0	0.0	0.0	4.55	9.09	4.55	0.0	9.09	0.0	13.64	0.0	0.0	0.0	0.0	0.0	0.0	0.0	0.0	0.0	9.09	22.73	9.09	9.09	36.36	0.0	13.64	0.0	0.0	0.0	0.0	4.55	27.27	13.64	0.0	0.0	0.0	0.0	9.09	0.0	0.0	9.09
DISCIPLE PROSPECT	0.0	0.0	0.0	0.0	0.0	0.0	0.0	0.0	0.0	0.0	0.0	0.0	0.0	0.0	0.0	16.67	0.0	0.0	0.0	0.0	16.67	0.0	0.0	0.0	0.0	0.0	33.33	16.67	0.0	0.0	0.0	0.0	0.0	0.0	0.0	50.00	0.0	0.0	0.0	0.0	0.0	0.0	16.67	0.0	0.0	16.67	0.0	0.0	0.0	0.0	0.0	0.0	0.0	0.0	0.0	0.0	0.0	16.67	16.67	16.67	16.67	0.0	0.0	0.0	0.0	0.0	0.0	0.0	16.67	0.0	0.0	0.0	0.0	0.0	16.67	16.67	0.0	0.0
MARIAN	0.0	0.0	0.0	0.0	0.0	0.0	0.0	0.0	0.0	0.0	0.0	0.0	0.0	0.0	0.0	0.0	0.0	0.0	0.0	0.0	0.0	20.00	20.00	0.0	0.0	0.0	20.00	20.00	0.0	0.0	0.0	0.0	0.0	0.0	0.0	60.00	0.0	20.00	0.0	0.0	0.0	0.0	20.00	0.0	0.0	0.0	0.0	0.0	0.0	0.0	20.00	0.0	0.0	0.0	0.0	0.0	0.0	20.00	0.0	20.00	20.00	0.0	0.0	0.0	0.0	0.0	0.0	0.0	40.00	0.0	0.0	0.0	0.0	0.0	20.00	0.0	0.0	20.00
DISCIPLE PROSPECT	0.0	0.0	0.0	0.0	0.0	0.0	0.0	0.0	0.0	0.0	0.0	0.0	0.0	0.0	0.0	0.0	0.0	0.0	0.0	0.0	0.0	0.0	16.67	0.0	0.0	0.0	16.67	0.0	0.0	0.0	0.0	0.0	0.0	0.0	0.0	50.00	0.0	16.67	0.0	0.0	0.0	0.0	16.67	0.0	0.0	0.0	16.67	0.0	0.0	0.0	0.0	0.0	0.0	0.0	16.67	0.0	0.0	33.33	0.0	0.0	50.00	0.0	0.0	0.0	0.0	0.0	0.0	0.0	83.33	0.0	0.0	0.0	0.0	0.0	16.67	16.67	0.0	16.67
MARIAN	0.0	0.0	0.0	0.0	0.0	0.0	0.0	0.0	0.0	0.0	0.0	0.0	0.0	33.33	0.0	33.33	16.67	0.0	0.0	0.0	0.0	16.67	0.0	0.0	0.0	0.0	16.67	0.0	0.0	0.0	16.67	16.67	0.0	0.0	0.0	83.33	0.0	0.0	0.0	0.0	0.0	50.00	0.0	0.0	0.0	0.0	0.0	0.0	0.0	0.0	0.0	0.0	0.0	0.0	0.0	0.0	0.0	50.00	16.67	16.67	50.00	0.0	0.0	0.0	0.0	0.0	0.0	0.0	16.67	0.0	0.0	0.0	0.0	0.0	16.67	0.0	0.0	0.0
DISCIPLE PROSPECT	0.0	0.0	0.0	0.0	0.0	0.0	0.0	0.0	0.0	0.0	0.0	0.0	0.0	6.25	0.0	6.25	12.50	0.0	6.25	0.0	0.0	25.00	0.0	0.0	0.0	6.25	18.75	0.0	0.0	0.0	6.25	0.0	0.0	0.0	0.0	75.00	0.0	0.0	0.0	0.0	6.25	0.0	6.25	0.0	0.0	0.0	0.0	0.0	0.0	6.25	6.25	6.25	0.0	0.0	0.0	0.0	6.25	37.50	12.50	25.00	37.50	0.0	6.25	0.0	0.0	0.0	0.0	12.50	43.75	0.0	0.0	0.0	0.0	0.0	31.25	12.50	0.0	12.50
MARIAN	0.0	0.0	0.0	0.0	0.0	0.0	0.0	0.0	0.0	0.0	0.0	0.0	0.0	28.57	0.0	14.29	0.0	0.0	0.0	0.0	0.0	0.0	0.0	0.0	0.0	0.0	0.0	0.0	0.0	0.0	0.0	0.0	0.0	0.0	0.0	42.86	0.0	0.0	0.0	0.0	14.29	0.0	0.0	0.0	0.0	0.0	28.57	0.0	14.29	0.0	0.0	0.0	0.0	0.0	0.0	0.0	0.0	0.0	14.29	0.0	28.57	0.0	14.29	0.0	0.0	0.0	0.0	0.0	14.29	0.0	0.0	0.0	0.0	14.29	0.0	0.0	0.0	0.0
DISCIPLE PROSPECT	0.0	0.0	0.0	0.0	0.0	0.0	0.0	0.0	0.0	0.0	0.0	0.0	0.0	5.56	0.0	0.0	0.0	0.0	0.0	5.56	0.0	5.56	0.0	0.0	5.56	0.0	22.22	0.0	0.0	0.0	5.56	0.0	0.0	0.0	0.0	50.00	0.0	0.0	0.0	0.0	11.11	0.0	5.56	0.0	5.56	0.0	11.11	0.0	5.56	0.0	5.56	0.0	0.0	0.0	0.0	0.0	0.0	11.11	11.11	5.56	22.22	0.0	11.11	0.0	0.0	0.0	0.0	5.56	22.22	11.11	0.0	0.0	0.0	0.0	5.56	5.56	0.0	0.0
DISCIPLE PROSPECT	0.0	0.0	0.0	0.0	0.0	0.0	0.0	0.0	0.0	0.0	0.0	0.0	0.0	11.11	0.0	11.11	0.0	0.0	0.0	0.0	0.0	33.33	0.0	0.0	0.0	0.0	11.11	0.0	0.0	0.0	11.11	0.0	0.0	0.0	0.0	100.00	0.0	0.0	0.0	0.0	0.0	11.11	0.0	0.0	0.0	0.0	11.11	0.0	0.0	0.0	0.0	0.0	0.0	0.0	0.0	0.0	0.0	22.22	11.11	33.33	33.33	11.11	0.0	0.0	0.0	0.0	0.0	0.0	11.11	0.0	0.0	11.11	0.0	0.0	33.33	0.0	0.0	11.11
MARIAN	0.0	0.0	0.0	0.0	0.0	0.0	0.0	0.0	0.0	0.0	0.0	0.0	0.0	0.0	0.0	12.50	25.00	0.0	0.0	0.0	0.0	12.50	12.50	0.0	0.0	0.0	12.50	0.0	0.0	0.0	0.0	0.0	0.0	0.0	0.0	75.00	0.0	0.0	0.0	0.0	0.0	25.00	12.50	0.0	0.0	0.0	0.0	12.50	0.0	0.0	0.0	0.0	12.50	0.0	0.0	12.50	25.00	37.50	25.00	25.00	37.50	0.0	12.50	0.0	0.0	12.50	12.50	0.0	25.00	12.50	0.0	0.0	0.0	0.0	37.50	0.0	0.0	12.50
DISCIPLE PROSPECT	0.0	0.0	0.0	0.0	0.0	0.0	0.0	0.0	0.0	0.0	0.0	0.0	0.0	0.0	0.0	0.0	0.0	0.0	0.0	0.0	0.0	0.0	0.0	0.0	0.0	0.0	60.00	0.0	0.0	20.00	0.0	0.0	0.0	0.0	0.0	60.00	0.0	0.0	0.0	0.0	0.0	0.0	40.00	0.0	0.0	0.0	0.0	0.0	0.0	20.00	0.0	0.0	0.0	0.0	0.0	0.0	0.0	20.00	40.00	40.00	20.00	0.0	40.00	0.0	0.0	0.0	0.0	0.0	20.00	20.00	0.0	0.0	0.0	0.0	40.00	0.0	0.0	20.00
MARIAN	0.0	0.0	0.0	0.0	0.0	0.0	0.0	0.0	0.0	0.0	0.0	0.0	0.0	33.33	0.0	11.11	11.11	0.0	0.0	11.11	0.0	11.11	0.0	0.0	0.0	0.0	55.56	22.22	0.0	11.11	33.33	0.0	0.0	0.0	0.0	88.89	0.0	0.0	0.0	0.0	0.0	0.0	0.0	0.0	11.11	0.0	11.11	0.0	0.0	0.0	11.11	0.0	11.11	0.0	0.0	0.0	11.11	22.22	0.0	11.11	33.33	0.0	0.0	0.0	0.0	0.0	0.0	0.0	33.33	0.0	0.0	33.33	0.0	0.0	11.11	0.0	11.11	22.22
DISCIPLE PROSPECT	9.09	0.0	0.0	0.0	0.0	0.0	0.0	0.0	0.0	9.09	0.0	0.0	0.0	18.18	0.0	0.0	0.0	0.0	0.0	9.09	0.0	9.09	0.0	0.0	0.0	0.0	18.18	9.09	0.0	0.0	0.0	9.09	0.0	0.0	0.0	54.55	0.0	0.0	0.0	0.0	0.0	0.0	9.09	0.0	0.0	9.09	0.0	0.0	0.0	0.0	0.0	0.0	0.0	0.0	9.09	0.0	0.0	18.18	9.09	0.0	18.18	0.0	18.18	0.0	0.0	0.0	0.0	18.18	27.27	18.18	0.0	9.09	0.0	0.0	9.09	0.0	0.0	0.0
HEAD DISCIPLE	0.0	0.0	0.0	0.0	0.0	0.0	0.0	0.0	0.0	0.0	0.0	0.0	0.0	0.0	0.0	0.0	0.0	0.0	0.0	0.0	0.0	0.0	0.0	0.0	0.0	0.0	0.0	0.0	0.0	0.0	0.0	0.0	0.0	0.0	0.0	100.00	0.0	0.0	0.0	0.0	0.0	0.0	0.0	0.0	0.0	0.0	100.00	0.0	0.0	0.0	0.0	0.0	0.0	0.0	0.0	0.0	0.0	0.0	0.0	0.0	100.00	0.0	0.0	0.0	0.0	0.0	0.0	0.0	0.0	0.0	0.0	0.0	0.0	0.0	0.0	0.0	0.0	0.0
DISCIPLE PROSPECT	33.33	0.0	0.0	0.0	0.0	0.0	0.0	0.0	0.0	33.33	0.0	0.0	0.0	33.33	0.0	0.0	0.0	0.0	0.0	0.0	0.0	33.33	0.0	0.0	0.0	0.0	33.33	0.0	0.0	0.0	0.0	0.0	0.0	0.0	0.0	66.67	0.0	0.0	0.0	0.0	0.0	0.0	0.0	0.0	0.0	33.33	0.0	0.0	0.0	0.0	0.0	0.0	0.0	0.0	0.0	0.0	0.0	66.67	0.0	33.33	66.67	0.0	0.0	0.0	0.0	0.0	0.0	66.67	66.67	0.0	0.0	0.0	0.0	0.0	33.33	0.0	0.0	0.0
HEAD DISCIPLE	14.29	0.0	0.0	0.0	0.0	0.0	0.0	0.0	0.0	14.29	0.0	0.0	0.0	0.0	0.0	0.0	14.29	14.29	0.0	14.29	0.0	0.0	0.0	0.0	0.0	0.0	14.29	0.0	0.0	0.0	0.0	0.0	0.0	0.0	0.0	57.14	0.0	0.0	0.0	0.0	0.0	0.0	14.29	0.0	0.0	0.0	14.29	0.0	0.0	14.29	0.0	14.29	0.0	0.0	0.0	0.0	0.0	0.0	28.57	14.29	14.29	0.0	42.86	14.29	0.0	0.0	0.0	0.0	0.0	28.57	14.29	0.0	0.0	0.0	14.29	0.0	0.0	0.0
HEAD DISCIPLE	0.0	0.0	0.0	0.0	0.0	0.0	0.0	0.0	0.0	0.0	0.0	0.0	0.0	0.0	0.0	20.00	0.0	0.0	0.0	0.0	0.0	0.0	0.0	0.0	0.0	0.0	0.0	0.0	0.0	0.0	0.0	0.0	0.0	0.0	0.0	60.00	0.0	0.0	0.0	0.0	0.0	0.0	0.0	0.0	0.0	0.0	0.0	0.0	0.0	20.00	0.0	0.0	0.0	0.0	0.0	20.00	0.0	40.00	0.0	0.0	40.00	0.0	20.00	0.0	0.0	20.00	0.0	0.0	40.00	0.0	0.0	0.0	0.0	0.0	0.0	0.0	0.0	40.00
HEAD DISCIPLE	14.29	0.0	0.0	0.0	0.0	0.0	0.0	0.0	0.0	14.29	0.0	0.0	0.0	0.0	0.0	14.29	0.0	0.0	0.0	0.0	0.0	14.29	0.0	0.0	0.0	0.0	0.0	0.0	0.0	0.0	0.0	0.0	0.0	0.0	0.0	42.86	0.0	0.0	0.0	0.0	14.29	0.0	0.0	0.0	0.0	0.0	14.29	0.0	0.0	0.0	0.0	0.0	14.29	0.0	0.0	0.0	0.0	0.0	0.0	14.29	14.29	0.0	0.0	0.0	0.0	0.0	0.0	0.0	28.57	0.0	0.0	0.0	0.0	0.0	14.29	0.0	0.0	0.0
MARIAN	0.0	0.0	0.0	0.0	0.0	0.0	0.0	0.0	0.0	0.0	0.0	0.0	0.0	0.0	0.0	0.0	0.0	0.0	0.0	0.0	0.0	0.0	0.0	0.0	0.0	0.0	0.0	0.0	0.0	0.0	0.0	0.0	0.0	0.0	0.0	0.0	0.0	0.0	0.0	0.0	0.0	0.0	0.0	0.0	0.0	0.0	0.0	0.0	0.0	0.0	0.0	0.0	0.0	0.0	0.0	0.0	0.0	0.0	0.0	0.0	0.0	0.0	0.0	0.0	0.0	0.0	0.0	0.0	0.0	0.0	0.0	0.0	0.0	0.0	0.0	0.0	0.0	0.0
HEAD DISCIPLE	0.0	0.0	0.0	0.0	0.0	0.0	0.0	0.0	0.0	0.0	0.0	0.0	0.0	0.0	0.0	0.0	0.0	0.0	0.0	0.0	0.0	0.0	0.0	0.0	0.0	0.0	0.0	0.0	0.0	0.0	0.0	0.0	0.0	0.0	0.0	0.0	0.0	0.0	0.0	0.0	0.0	0.0	0.0	0.0	0.0	0.0	0.0	0.0	0.0	0.0	0.0	0.0	0.0	0.0	0.0	0.0	0.0	0.0	0.0	0.0	0.0	0.0	0.0	0.0	0.0	0.0	0.0	0.0	0.0	0.0	0.0	0.0	0.0	0.0	0.0	0.0	0.0	0.0
HEAD DISCIPLE	0.0	0.0	0.0	0.0	0.0	0.0	0.0	0.0	0.0	0.0	0.0	0.0	0.0	14.29	0.0	7.14	7.14	0.0	7.14	14.29	0.0	7.14	0.0	0.0	0.0	0.0	7.14	7.14	0.0	0.0	0.0	7.14	0.0	0.0	0.0	57.14	0.0	0.0	0.0	0.0	0.0	0.0	7.14	0.0	0.0	0.0	0.0	0.0	0.0	0.0	0.0	7.14	0.0	0.0	7.14	0.0	0.0	14.29	14.29	0.0	14.29	0.0	21.43	0.0	0.0	0.0	0.0	14.29	21.43	21.43	0.0	0.0	0.0	0.0	7.14	0.0	0.0	0.0
DISCIPLE #1	0.0	0.0	0.0	0.0	0.0	0.0	0.0	0.0	0.0	0.0	0.0	0.0	0.0	0.0	0.0	14.29	0.0	0.0	0.0	0.0	0.0	14.29	0.0	0.0	0.0	0.0	14.29	0.0	0.0	0.0	14.29	0.0	0.0	0.0	0.0	71.43	0.0	0.0	0.0	0.0	14.29	0.0	0.0	0.0	0.0	0.0	0.0	0.0	0.0	0.0	14.29	0.0	0.0	0.0	0.0	0.0	0.0	28.57	14.29	14.29	28.57	0.0	0.0	14.29	0.0	0.0	0.0	28.57	42.86	0.0	0.0	0.0	0.0	0.0	14.29	0.0	0.0	0.0
DISCIPLE #2	0.0	0.0	0.0	0.0	0.0	0.0	0.0	0.0	0.0	0.0	0.0	0.0	0.0	0.0	0.0	0.0	25.00	0.0	0.0	0.0	0.0	25.00	0.0	0.0	0.0	0.0	0.0	0.0	0.0	0.0	0.0	0.0	0.0	0.0	0.0	50.00	0.0	0.0	0.0	0.0	0.0	0.0	0.0	0.0	0.0	0.0	0.0	0.0	0.0	0.0	0.0	0.0	0.0	0.0	0.0	0.0	25.00	25.00	0.0	25.00	25.00	0.0	0.0	0.0	0.0	0.0	0.0	25.00	50.00	0.0	0.0	0.0	0.0	0.0	25.00	0.0	0.0	0.0
DISCIPLE #3	0.0	0.0	0.0	0.0	0.0	0.0	0.0	0.0	0.0	0.0	0.0	0.0	0.0	25.00	0.0	0.0	0.0	0.0	0.0	0.0	0.0	25.00	0.0	0.0	0.0	0.0	0.0	0.0	0.0	0.0	0.0	0.0	0.0	0.0	0.0	50.00	0.0	0.0	0.0	0.0	0.0	0.0	0.0	0.0	0.0	0.0	0.0	0.0	0.0	0.0	0.0	0.0	0.0	0.0	0.0	0.0	0.0	25.00	0.0	25.00	25.00	0.0	0.0	0.0	0.0	0.0	0.0	25.00	25.00	0.0	0.0	0.0	0.0	0.0	25.00	0.0	0.0	0.0
DISCIPLE #4	0.0	0.0	0.0	0.0	0.0	0.0	0.0	0.0	0.0	0.0	0.0	0.0	0.0	0.0	0.0	0.0	0.0	0.0	0.0	0.0	0.0	33.33	33.33	0.0	0.0	0.0	0.0	0.0	0.0	0.0	0.0	0.0	0.0	0.0	0.0	66.67	0.0	0.0	0.0	0.0	0.0	0.0	0.0	33.33	0.0	0.0	0.0	33.33	0.0	0.0	0.0	0.0	0.0	0.0	0.0	0.0	0.0	33.33	0.0	33.33	33.33	0.0	0.0	0.0	0.0	0.0	0.0	33.33	33.33	0.0	0.0	0.0	0.0	0.0	33.33	0.0	0.0	0.0
MARIAN	0.0	0.0	0.0	0.0	0.0	0.0	0.0	0.0	0.0	0.0	0.0	0.0	0.0	5.88	0.0	11.76	5.88	0.0	0.0	0.0	0.0	11.76	0.0	0.0	0.0	0.0	5.88	11.76	0.0	0.0	0.0	0.0	0.0	0.0	0.0	58.82	0.0	0.0	0.0	5.88	5.88	0.0	0.0	0.0	0.0	5.88	11.76	0.0	0.0	5.88	5.88	5.88	0.0	0.0	5.88	5.88	0.0	17.65	5.88	17.65	29.41	0.0	23.53	0.0	0.0	5.88	0.0	0.0	23.53	11.76	0.0	0.0	5.88	5.88	23.53	5.88	0.0	5.88
MARIAN	0.0	0.0	0.0	0.0	0.0	0.0	0.0	0.0	0.0	0.0	0.0	0.0	0.0	25.00	0.0	0.0	0.0	0.0	0.0	0.0	0.0	25.00	0.0	0.0	25.00	0.0	75.00	0.0	0.0	25.00	0.0	0.0	0.0	0.0	0.0	50.00	0.0	0.0	0.0	25.00	0.0	0.0	0.0	0.0	0.0	0.0	0.0	0.0	0.0	0.0	0.0	0.0	0.0	0.0	0.0	0.0	0.0	0.0	0.0	25.00	0.0	25.00	0.0	0.0	0.0	0.0	0.0	0.0	0.0	0.0	0.0	25.00	0.0	0.0	50.00	0.0	0.0	0.0
MARIAN	0.0	0.0	0.0	0.0	0.0	0.0	0.0	0.0	0.0	0.0	0.0	0.0	0.0	8.33	8.33	8.33	25.00	0.0	0.0	0.0	0.0	25.00	0.0	0.0	0.0	8.33	8.33	0.0	0.0	0.0	0.0	0.0	0.0	0.0	0.0	75.00	0.0	0.0	0.0	0.0	0.0	16.67	0.0	0.0	0.0	0.0	8.33	0.0	0.0	8.33	0.0	0.0	8.33	0.0	8.33	0.0	25.00	25.00	8.33	0.0	33.33	8.33	8.33	0.0	0.0	0.0	0.0	0.0	16.67	0.0	0.0	0.0	0.0	0.0	25.00	0.0	8.33	8.33
DISCIPLE #1	0.0	0.0	0.0	0.0	0.0	0.0	0.0	0.0	0.0	0.0	0.0	0.0	0.0	0.0	0.0	0.0	50.00	0.0	0.0	0.0	0.0	0.0	0.0	0.0	0.0	0.0	0.0	0.0	0.0	0.0	0.0	0.0	0.0	0.0	0.0	0.0	0.0	0.0	0.0	0.0	0.0	0.0	0.0	0.0	0.0	0.0	0.0	0.0	0.0	0.0	0.0	0.0	0.0	0.0	0.0	0.0	50.00	0.0	0.0	50.00	0.0	0.0	0.0	0.0	0.0	0.0	0.0	0.0	0.0	0.0	0.0	0.0	0.0	0.0	50.00	0.0	0.0	0.0
DISCIPLE #2	0.0	0.0	0.0	0.0	0.0	0.0	0.0	0.0	0.0	0.0	0.0	0.0	0.0	25.00	0.0	0.0	0.0	0.0	0.0	25.00	0.0	25.00	25.00	0.0	0.0	0.0	25.00	0.0	0.0	25.00	0.0	0.0	0.0	0.0	0.0	50.00	0.0	0.0	0.0	0.0	0.0	0.0	0.0	25.00	0.0	0.0	0.0	0.0	0.0	0.0	0.0	0.0	0.0	0.0	25.00	0.0	0.0	0.0	0.0	0.0	0.0	0.0	0.0	0.0	0.0	0.0	0.0	0.0	0.0	0.0	0.0	0.0	0.0	0.0	25.00	0.0	0.0	0.0
HEAD DISCIPLE	0.0	0.0	0.0	0.0	0.0	0.0	0.0	0.0	0.0	0.0	0.0	0.0	0.0	6.67	0.0	6.67	0.0	0.0	0.0	0.0	0.0	20.00	0.0	0.0	0.0	0.0	40.00	6.67	0.0	6.67	13.33	0.0	0.0	0.0	0.0	80.00	0.0	0.0	0.0	0.0	0.0	0.0	6.67	0.0	0.0	13.33	6.67	0.0	0.0	0.0	0.0	0.0	0.0	0.0	0.0	0.0	0.0	33.33	6.67	26.67	40.00	0.0	0.0	0.0	0.0	0.0	0.0	0.0	33.33	0.0	0.0	13.33	0.0	0.0	33.33	13.33	0.0	20.00
MARIAN	2.78	0.0	0.0	0.0	0.0	0.0	0.0	0.0	0.0	2.78	0.0	0.0	0.0	5.56	0.0	13.89	2.78	0.0	0.0	2.78	0.0	13.89	2.78	2.78	0.0	0.0	8.33	5.56	0.0	2.78	2.78	0.0	0.0	0.0	0.0	69.44	0.0	0.0	5.56	2.78	0.0	13.89	0.0	0.0	2.78	0.0	2.78	0.0	0.0	2.78	2.78	0.0	2.78	2.78	0.0	5.56	2.78	22.22	8.33	16.67	25.00	5.56	16.67	0.0	0.0	0.0	0.0	0.0	11.11	5.56	2.78	0.0	2.78	8.33	19.44	0.0	0.0	5.56
HEAD DISCIPLE	0.0	0.0	0.0	0.0	0.0	0.0	0.0	0.0	0.0	0.0	0.0	0.0	0.0	0.0	0.0	11.11	11.11	0.0	0.0	0.0	0.0	33.33	0.0	0.0	0.0	0.0	22.22	0.0	0.0	0.0	0.0	0.0	0.0	0.0	0.0	77.78	11.11	0.0	0.0	0.0	0.0	0.0	22.22	0.0	0.0	0.0	11.11	0.0	0.0	0.0	0.0	0.0	22.22	0.0	0.0	11.11	11.11	33.33	0.0	33.33	44.44	0.0	0.0	0.0	0.0	11.11	0.0	0.0	33.33	0.0	0.0	0.0	0.0	0.0	44.44	33.33	0.0	0.0
MARIAN	0.0	0.0	0.0	0.0	0.0	0.0	0.0	0.0	0.0	0.0	0.0	0.0	0.0	0.0	0.0	0.0	50.00	0.0	0.0	0.0	0.0	0.0	0.0	0.0	0.0	0.0	0.0	0.0	0.0	0.0	0.0	0.0	0.0	0.0	0.0	50.00	0.0	0.0	0.0	0.0	0.0	0.0	0.0	0.0	0.0	0.0	0.0	0.0	0.0	0.0	0.0	0.0	0.0	0.0	0.0	0.0	50.00	50.00	0.0	50.00	50.00	0.0	0.0	0.0	0.0	0.0	0.0	0.0	50.00	0.0	0.0	0.0	0.0	0.0	50.00	0.0	0.0	50.00
PAULA	0.0	0.0	0.0	0.0	0.0	0.0	0.0	0.0	0.0	0.0	0.0	0.0	0.0	0.0	0.0	0.0	0.0	0.0	0.0	0.0	0.0	0.0	0.0	0.0	0.0	0.0	0.0	0.0	0.0	0.0	0.0	0.0	0.0	0.0	0.0	0.0	0.0	0.0	0.0	0.0	0.0	0.0	0.0	0.0	0.0	0.0	0.0	0.0	0.0	0.0	0.0	0.0	0.0	0.0	0.0	0.0	0.0	0.0	0.0	0.0	0.0	0.0	0.0	0.0	0.0	0.0	0.0	0.0	100.00	0.0	0.0	0.0	0.0	0.0	0.0	0.0	0.0	0.0
MR. PALMER	0.0	0.0	0.0	0.0	0.0	0.0	0.0	0.0	0.0	0.0	0.0	0.0	0.0	0.0	0.0	0.0	0.0	0.0	0.0	0.0	0.0	0.0	0.0	0.0	0.0	0.0	50.00	0.0	0.0	0.0	0.0	0.0	0.0	0.0	0.0	50.00	0.0	0.0	0.0	0.0	0.0	0.0	50.00	0.0	0.0	0.0	0.0	0.0	0.0	50.00	0.0	0.0	0.0	0.0	0.0	0.0	0.0	0.0	50.00	50.00	0.0	0.0	100.00	0.0	0.0	0.0	0.0	0.0	0.0	50.00	0.0	0.0	0.0	0.0	50.00	0.0	0.0	0.0
PAULA	0.0	0.0	0.0	0.0	0.0	0.0	0.0	0.0	0.0	0.0	0.0	0.0	0.0	0.0	0.0	0.0	0.0	0.0	0.0	0.0	0.0	16.67	0.0	0.0	8.33	0.0	8.33	0.0	0.0	0.0	0.0	16.67	0.0	0.0	0.0	50.00	0.0	0.0	0.0	0.0	0.0	16.67	0.0	0.0	0.0	0.0	16.67	0.0	0.0	0.0	0.0	0.0	0.0	0.0	0.0	0.0	0.0	16.67	0.0	16.67	33.33	0.0	0.0	0.0	0.0	0.0	0.0	0.0	16.67	0.0	0.0	0.0	0.0	0.0	16.67	0.0	8.33	0.0
MARIAN	0.0	0.0	0.0	0.0	0.0	0.0	0.0	0.0	0.0	0.0	0.0	0.0	0.0	0.0	0.0	14.29	14.29	0.0	0.0	0.0	14.29	14.29	0.0	0.0	0.0	0.0	0.0	14.29	0.0	0.0	0.0	0.0	0.0	0.0	0.0	71.43	0.0	0.0	0.0	0.0	0.0	0.0	0.0	0.0	0.0	0.0	28.57	0.0	0.0	0.0	0.0	0.0	0.0	0.0	0.0	0.0	14.29	14.29	14.29	14.29	42.86	0.0	0.0	0.0	0.0	0.0	0.0	0.0	28.57	0.0	0.0	0.0	0.0	0.0	14.29	0.0	0.0	14.29
MR. PALMER	0.0	0.0	0.0	0.0	0.0	0.0	0.0	0.0	0.0	0.0	0.0	0.0	0.0	20.00	10.00	10.00	10.00	0.0	0.0	0.0	0.0	10.00	0.0	0.0	0.0	0.0	10.00	0.0	0.0	0.0	0.0	10.00	0.0	0.0	0.0	80.00	0.0	0.0	0.0	0.0	0.0	0.0	10.00	0.0	0.0	0.0	0.0	0.0	0.0	0.0	0.0	0.0	0.0	0.0	0.0	0.0	10.00	40.00	20.00	20.00	40.00	0.0	0.0	0.0	0.0	0.0	0.0	0.0	50.00	0.0	0.0	0.0	0.0	0.0	20.00	30.00	10.00	10.00
MARIAN	0.0	0.0	0.0	0.0	0.0	0.0	0.0	0.0	0.0	0.0	0.0	0.0	0.0	16.67	0.0	0.0	0.0	0.0	0.0	16.67	0.0	0.0	0.0	0.0	0.0	0.0	0.0	0.0	0.0	0.0	0.0	0.0	0.0	0.0	0.0	33.33	0.0	0.0	0.0	0.0	0.0	16.67	0.0	0.0	0.0	0.0	0.0	0.0	0.0	0.0	0.0	0.0	0.0	0.0	16.67	0.0	0.0	16.67	0.0	0.0	16.67	0.0	16.67	16.67	0.0	0.0	0.0	0.0	16.67	0.0	0.0	0.0	0.0	16.67	16.67	0.0	0.0	0.0
MR. PALMER	0.0	0.0	0.0	0.0	0.0	0.0	0.0	0.0	0.0	0.0	0.0	0.0	0.0	0.0	0.0	100.00	0.0	0.0	0.0	0.0	0.0	0.0	0.0	0.0	0.0	0.0	100.00	0.0	0.0	0.0	100.00	0.0	0.0	0.0	0.0	100.00	0.0	0.0	0.0	0.0	0.0	0.0	0.0	0.0	0.0	0.0	0.0	0.0	0.0	0.0	0.0	0.0	0.0	0.0	0.0	0.0	0.0	0.0	0.0	0.0	0.0	0.0	0.0	0.0	0.0	0.0	0.0	0.0	0.0	0.0	0.0	0.0	0.0	0.0	0.0	0.0	0.0	0.0
PAULA	33.33	0.0	0.0	0.0	0.0	0.0	0.0	0.0	0.0	33.33	0.0	0.0	0.0	0.0	0.0	0.0	0.0	0.0	0.0	0.0	0.0	0.0	0.0	0.0	0.0	0.0	0.0	0.0	0.0	0.0	0.0	33.33	0.0	0.0	0.0	33.33	0.0	0.0	0.0	0.0	0.0	33.33	0.0	0.0	0.0	0.0	0.0	0.0	0.0	0.0	0.0	0.0	0.0	0.0	0.0	0.0	0.0	33.33	0.0	0.0	33.33	0.0	0.0	0.0	0.0	0.0	0.0	0.0	33.33	0.0	0.0	0.0	0.0	0.0	0.0	0.0	0.0	0.0
MARIAN	3.03	0.0	0.0	0.0	0.0	0.0	0.0	0.0	0.0	3.03	0.0	0.0	0.0	15.15	0.0	9.09	6.06	0.0	3.03	9.09	0.0	6.06	0.0	0.0	0.0	0.0	9.09	15.15	0.0	0.0	0.0	3.03	0.0	0.0	0.0	60.61	0.0	0.0	0.0	0.0	3.03	12.12	9.09	0.0	0.0	0.0	0.0	3.03	0.0	3.03	0.0	3.03	0.0	0.0	9.09	0.0	3.03	18.18	12.12	0.0	18.18	0.0	15.15	3.03	0.0	0.0	0.0	3.03	12.12	12.12	0.0	0.0	3.03	0.0	9.09	0.0	0.0	0.0
MR. PALMER	0.0	0.0	0.0	0.0	0.0	0.0	0.0	0.0	0.0	0.0	0.0	0.0	0.0	25.00	0.0	25.00	12.50	0.0	0.0	12.50	0.0	12.50	0.0	0.0	0.0	0.0	0.0	0.0	0.0	0.0	0.0	0.0	0.0	0.0	0.0	62.50	0.0	0.0	0.0	0.0	0.0	0.0	0.0	0.0	0.0	0.0	25.00	0.0	0.0	0.0	0.0	0.0	12.50	0.0	0.0	12.50	12.50	0.0	0.0	12.50	25.00	0.0	12.50	0.0	0.0	0.0	0.0	0.0	0.0	0.0	0.0	0.0	0.0	12.50	12.50	0.0	0.0	0.0
MARIAN	0.0	0.0	0.0	0.0	0.0	0.0	0.0	0.0	0.0	0.0	0.0	0.0	0.0	20.00	0.0	0.0	20.00	0.0	0.0	20.00	0.0	20.00	0.0	0.0	0.0	0.0	0.0	0.0	0.0	0.0	0.0	0.0	0.0	0.0	0.0	60.00	0.0	0.0	0.0	0.0	0.0	20.00	0.0	0.0	0.0	0.0	0.0	0.0	0.0	0.0	0.0	0.0	0.0	0.0	20.00	0.0	20.00	20.00	0.0	0.0	20.00	0.0	20.00	0.0	0.0	0.0	0.0	0.0	0.0	0.0	0.0	0.0	0.0	20.00	20.00	0.0	0.0	0.0
MARIAN	4.17	0.0	0.0	0.0	0.0	0.0	0.0	0.0	0.0	4.17	0.0	0.0	0.0	8.33	0.0	8.33	8.33	0.0	0.0	0.0	0.0	12.50	4.17	4.17	0.0	0.0	25.00	20.83	0.0	4.17	0.0	0.0	0.0	0.0	4.17	58.33	4.17	0.0	0.0	0.0	4.17	4.17	12.50	0.0	0.0	4.17	4.17	0.0	0.0	0.0	0.0	0.0	0.0	0.0	4.17	0.0	8.33	16.67	0.0	12.50	20.83	4.17	4.17	0.0	0.0	0.0	0.0	0.0	20.83	0.0	0.0	4.17	12.50	4.17	20.83	0.0	0.0	0.0
MARIAN	6.67	0.0	0.0	0.0	0.0	0.0	0.0	0.0	0.0	6.67	0.0	0.0	0.0	6.67	0.0	0.0	6.67	0.0	0.0	13.33	0.0	6.67	0.0	0.0	0.0	0.0	13.33	6.67	0.0	0.0	0.0	0.0	0.0	0.0	0.0	46.67	0.0	0.0	6.67	0.0	0.0	0.0	13.33	0.0	0.0	0.0	6.67	6.67	0.0	0.0	0.0	0.0	0.0	0.0	0.0	13.33	6.67	13.33	0.0	20.00	20.00	0.0	6.67	0.0	0.0	6.67	0.0	0.0	20.00	0.0	0.0	0.0	0.0	6.67	20.00	6.67	0.0	6.67
MARIAN	0.0	0.0	0.0	0.0	0.0	0.0	0.0	0.0	0.0	0.0	0.0	0.0	0.0	0.0	0.0	0.0	50.00	0.0	0.0	0.0	0.0	50.00	0.0	0.0	0.0	0.0	0.0	0.0	0.0	0.0	0.0	0.0	0.0	0.0	0.0	100.00	0.0	0.0	0.0	0.0	0.0	0.0	0.0	0.0	0.0	0.0	100.00	0.0	0.0	0.0	0.0	50.00	0.0	0.0	0.0	0.0	0.0	0.0	0.0	50.00	100.00	0.0	0.0	0.0	0.0	0.0	0.0	0.0	0.0	0.0	0.0	0.0	0.0	0.0	50.00	0.0	0.0	0.0
PAULA	9.09	0.0	0.0	0.0	0.0	0.0	0.0	0.0	0.0	9.09	0.0	0.0	0.0	9.09	0.0	9.09	4.55	0.0	0.0	4.55	0.0	13.64	4.55	0.0	4.55	0.0	18.18	9.09	0.0	0.0	4.55	4.55	0.0	0.0	0.0	68.18	0.0	4.55	0.0	0.0	0.0	4.55	0.0	0.0	0.0	9.09	18.18	4.55	0.0	0.0	0.0	0.0	0.0	0.0	4.55	0.0	4.55	9.09	9.09	18.18	27.27	4.55	0.0	0.0	0.0	0.0	0.0	0.0	9.09	0.0	0.0	0.0	0.0	0.0	22.73	0.0	0.0	4.55
MARIAN	0.0	0.0	0.0	0.0	0.0	0.0	0.0	0.0	0.0	0.0	0.0	0.0	0.0	12.50	0.0	0.0	0.0	0.0	0.0	0.0	12.50	25.00	0.0	0.0	0.0	0.0	12.50	0.0	0.0	0.0	0.0	0.0	0.0	0.0	0.0	87.50	0.0	0.0	0.0	0.0	0.0	0.0	12.50	0.0	0.0	0.0	25.00	0.0	0.0	0.0	12.50	0.0	0.0	0.0	0.0	0.0	0.0	0.0	25.00	25.00	25.00	0.0	0.0	0.0	0.0	0.0	0.0	0.0	0.0	0.0	0.0	0.0	0.0	0.0	25.00	0.0	0.0	0.0
PAULA	0.0	0.0	0.0	0.0	0.0	0.0	0.0	0.0	0.0	0.0	0.0	0.0	0.0	5.88	0.0	5.88	5.88	0.0	0.0	0.0	0.0	23.53	0.0	0.0	0.0	0.0	0.0	0.0	0.0	0.0	0.0	0.0	5.88	0.0	0.0	94.12	0.0	0.0	0.0	0.0	0.0	17.65	0.0	0.0	0.0	0.0	17.65	0.0	0.0	5.88	11.76	5.88	0.0	0.0	5.88	5.88	0.0	29.41	11.76	17.65	47.06	5.88	11.76	0.0	0.0	0.0	0.0	0.0	11.76	5.88	0.0	0.0	0.0	0.0	23.53	0.0	0.0	11.76
PAULA	0.0	0.0	0.0	0.0	0.0	0.0	0.0	0.0	0.0	0.0	0.0	0.0	0.0	8.82	0.0	0.0	0.0	0.0	0.0	8.82	0.0	5.88	2.94	0.0	0.0	0.0	14.71	5.88	0.0	0.0	2.94	2.94	0.0	0.0	0.0	61.76	0.0	0.0	0.0	2.94	0.0	5.88	5.88	2.94	0.0	5.88	2.94	0.0	0.0	0.0	2.94	0.0	2.94	0.0	11.76	0.0	0.0	17.65	20.59	2.94	20.59	0.0	8.82	0.0	0.0	0.0	0.0	0.0	20.59	5.88	0.0	0.0	0.0	2.94	14.71	0.0	0.0	11.76
PAULA	8.70	0.0	0.0	0.0	0.0	0.0	0.0	0.0	0.0	8.70	0.0	0.0	0.0	13.04	0.0	0.0	13.04	0.0	0.0	21.74	0.0	13.04	0.0	0.0	0.0	0.0	4.35	0.0	0.0	0.0	0.0	0.0	4.35	0.0	0.0	56.52	0.0	0.0	4.35	0.0	0.0	0.0	0.0	0.0	0.0	4.35	21.74	4.35	0.0	0.0	0.0	4.35	0.0	0.0	0.0	8.70	8.70	0.0	8.70	13.04	21.74	0.0	21.74	0.0	0.0	0.0	0.0	0.0	0.0	13.04	0.0	0.0	0.0	8.70	13.04	0.0	0.0	0.0
PAULA	0.0	0.0	0.0	0.0	0.0	0.0	0.0	0.0	0.0	0.0	0.0	0.0	0.0	9.09	0.0	9.09	0.0	0.0	0.0	9.09	0.0	18.18	0.0	0.0	0.0	0.0	18.18	0.0	0.0	0.0	0.0	0.0	0.0	0.0	0.0	72.73	0.0	0.0	0.0	0.0	0.0	0.0	9.09	0.0	0.0	9.09	0.0	9.09	0.0	9.09	9.09	0.0	0.0	0.0	18.18	0.0	0.0	27.27	9.09	18.18	27.27	0.0	27.27	0.0	0.0	0.0	0.0	0.0	27.27	9.09	0.0	0.0	0.0	9.09	36.36	0.0	0.0	27.27
PAULA	0.0	0.0	0.0	0.0	0.0	0.0	0.0	0.0	0.0	0.0	0.0	0.0	0.0	3.03	0.0	3.03	6.06	0.0	3.03	3.03	6.06	15.15	0.0	0.0	0.0	9.09	21.21	3.03	3.03	0.0	3.03	3.03	0.0	0.0	0.0	69.70	0.0	0.0	0.0	0.0	0.0	0.0	3.03	0.0	0.0	3.03	9.09	0.0	0.0	9.09	0.0	3.03	0.0	0.0	3.03	3.03	3.03	18.18	12.12	12.12	27.27	12.12	21.21	0.0	0.0	3.03	0.0	0.0	21.21	12.12	0.0	3.03	0.0	0.0	21.21	6.06	0.0	12.12
DISCIPLE PROSPECT	0.0	0.0	0.0	0.0	0.0	0.0	0.0	0.0	0.0	0.0	0.0	0.0	0.0	0.0	0.0	0.0	0.0	0.0	0.0	0.0	0.0	0.0	0.0	0.0	0.0	0.0	0.0	0.0	0.0	0.0	0.0	0.0	0.0	0.0	0.0	0.0	0.0	0.0	0.0	0.0	50.00	0.0	0.0	0.0	0.0	0.0	0.0	0.0	0.0	0.0	0.0	0.0	0.0	0.0	0.0	0.0	0.0	0.0	0.0	0.0	0.0	0.0	0.0	0.0	0.0	0.0	0.0	0.0	50.00	0.0	0.0	0.0	0.0	0.0	0.0	0.0	0.0	0.0
PAULA	0.0	0.0	0.0	0.0	0.0	0.0	0.0	0.0	0.0	0.0	0.0	0.0	0.0	0.0	0.0	0.0	0.0	0.0	0.0	0.0	0.0	0.0	0.0	0.0	0.0	0.0	14.29	0.0	0.0	14.29	0.0	14.29	0.0	0.0	0.0	57.14	0.0	0.0	0.0	0.0	0.0	14.29	0.0	0.0	0.0	0.0	0.0	0.0	0.0	0.0	0.0	0.0	0.0	0.0	0.0	0.0	0.0	28.57	28.57	14.29	28.57	0.0	0.0	0.0	0.0	0.0	0.0	0.0	42.86	0.0	0.0	0.0	0.0	0.0	14.29	0.0	0.0	14.29
MARIAN	0.0	0.0	0.0	0.0	0.0	0.0	0.0	0.0	0.0	0.0	0.0	0.0	0.0	0.0	0.0	15.38	7.69	0.0	0.0	7.69	0.0	15.38	0.0	0.0	0.0	0.0	15.38	7.69	0.0	15.38	7.69	0.0	0.0	0.0	0.0	76.92	0.0	0.0	0.0	0.0	0.0	7.69	0.0	0.0	0.0	0.0	23.08	7.69	0.0	0.0	7.69	0.0	0.0	0.0	0.0	0.0	7.69	7.69	23.08	23.08	30.77	0.0	0.0	0.0	0.0	0.0	0.0	0.0	7.69	0.0	0.0	7.69	0.0	0.0	23.08	0.0	0.0	0.0
PAULA	0.0	0.0	0.0	0.0	0.0	0.0	0.0	0.0	0.0	0.0	0.0	0.0	0.0	0.0	0.0	12.50	0.0	0.0	0.0	6.25	0.0	18.75	0.0	0.0	0.0	6.25	18.75	0.0	0.0	0.0	0.0	6.25	0.0	0.0	0.0	75.00	6.25	0.0	0.0	0.0	0.0	18.75	0.0	0.0	0.0	6.25	6.25	6.25	0.0	0.0	6.25	0.0	0.0	0.0	6.25	0.0	0.0	31.25	6.25	12.50	37.50	0.0	6.25	0.0	0.0	0.0	0.0	6.25	31.25	0.0	0.0	6.25	0.0	6.25	25.00	0.0	0.0	6.25
MARIAN	0.0	0.0	0.0	0.0	0.0	0.0	0.0	0.0	0.0	0.0	0.0	0.0	0.0	0.0	0.0	20.00	40.00	0.0	0.0	0.0	20.00	0.0	0.0	0.0	0.0	0.0	20.00	20.00	0.0	20.00	0.0	0.0	0.0	0.0	0.0	40.00	0.0	0.0	0.0	0.0	0.0	20.00	0.0	0.0	0.0	0.0	0.0	0.0	0.0	0.0	0.0	0.0	0.0	0.0	0.0	0.0	40.00	20.00	0.0	20.00	20.00	0.0	0.0	0.0	0.0	0.0	0.0	0.0	0.0	0.0	0.0	20.00	0.0	0.0	20.00	0.0	0.0	0.0
PAULA	0.0	0.0	0.0	0.0	0.0	0.0	0.0	0.0	0.0	0.0	0.0	0.0	0.0	11.11	0.0	0.0	0.0	0.0	0.0	11.11	0.0	0.0	0.0	0.0	0.0	0.0	11.11	0.0	0.0	0.0	0.0	0.0	0.0	0.0	0.0	55.56	0.0	0.0	0.0	0.0	11.11	0.0	0.0	0.0	0.0	11.11	11.11	0.0	0.0	0.0	0.0	0.0	0.0	0.0	11.11	11.11	0.0	22.22	11.11	11.11	33.33	0.0	11.11	0.0	0.0	11.11	0.0	0.0	33.33	11.11	0.0	0.0	0.0	0.0	22.22	0.0	0.0	22.22
MARIAN	0.0	0.0	0.0	0.0	0.0	0.0	0.0	0.0	0.0	0.0	0.0	0.0	0.0	0.0	0.0	0.0	0.0	0.0	0.0	0.0	0.0	0.0	0.0	0.0	0.0	0.0	0.0	0.0	0.0	0.0	0.0	0.0	0.0	0.0	0.0	0.0	0.0	0.0	0.0	0.0	0.0	0.0	0.0	0.0	0.0	0.0	0.0	0.0	0.0	0.0	0.0	0.0	0.0	0.0	0.0	0.0	0.0	0.0	0.0	0.0	0.0	0.0	0.0	0.0	0.0	0.0	0.0	0.0	0.0	0.0	0.0	0.0	0.0	0.0	0.0	0.0	0.0	0.0
PAULA	11.11	0.0	0.0	0.0	0.0	0.0	0.0	0.0	0.0	11.11	0.0	0.0	0.0	0.0	0.0	0.0	11.11	11.11	0.0	11.11	11.11	11.11	0.0	0.0	0.0	11.11	22.22	0.0	0.0	0.0	0.0	0.0	0.0	0.0	0.0	44.44	0.0	0.0	0.0	0.0	0.0	0.0	11.11	0.0	0.0	0.0	0.0	0.0	0.0	0.0	0.0	11.11	0.0	0.0	11.11	0.0	0.0	0.0	22.22	0.0	0.0	0.0	11.11	0.0	0.0	0.0	0.0	0.0	0.0	11.11	0.0	0.0	0.0	0.0	22.22	0.0	0.0	0.0
MARIAN	0.0	0.0	0.0	0.0	0.0	0.0	0.0	0.0	0.0	0.0	0.0	0.0	0.0	0.0	0.0	0.0	50.00	0.0	0.0	0.0	0.0	50.00	0.0	0.0	0.0	0.0	0.0	0.0	0.0	0.0	0.0	0.0	0.0	0.0	0.0	100.00	0.0	0.0	0.0	0.0	0.0	100.00	0.0	0.0	0.0	0.0	0.0	0.0	0.0	0.0	0.0	50.00	0.0	0.0	0.0	0.0	0.0	100.00	0.0	50.00	100.00	0.0	0.0	0.0	0.0	0.0	0.0	0.0	0.0	0.0	0.0	0.0	0.0	0.0	50.00	0.0	0.0	0.0
PAULA	0.0	0.0	0.0	0.0	0.0	0.0	0.0	0.0	0.0	0.0	0.0	0.0	0.0	33.33	0.0	0.0	0.0	0.0	0.0	0.0	0.0	33.33	0.0	0.0	0.0	0.0	0.0	0.0	0.0	0.0	0.0	0.0	0.0	0.0	0.0	66.67	0.0	0.0	16.67	0.0	0.0	0.0	0.0	0.0	0.0	0.0	50.00	0.0	0.0	0.0	16.67	0.0	0.0	0.0	0.0	16.67	0.0	0.0	0.0	33.33	50.00	0.0	16.67	0.0	0.0	0.0	0.0	0.0	0.0	0.0	0.0	0.0	0.0	16.67	33.33	0.0	0.0	0.0
MARIAN	0.0	0.0	0.0	0.0	0.0	0.0	0.0	0.0	0.0	0.0	0.0	0.0	0.0	0.0	0.0	0.0	0.0	0.0	0.0	0.0	100.00	0.0	0.0	0.0	0.0	0.0	0.0	0.0	0.0	0.0	0.0	0.0	0.0	0.0	0.0	0.0	0.0	0.0	0.0	0.0	0.0	0.0	0.0	0.0	0.0	0.0	0.0	0.0	0.0	0.0	0.0	0.0	50.00	0.0	0.0	0.0	0.0	0.0	0.0	0.0	0.0	0.0	0.0	0.0	0.0	0.0	0.0	0.0	0.0	0.0	0.0	0.0	0.0	0.0	0.0	0.0	0.0	0.0
PAULA	0.0	0.0	0.0	0.0	0.0	0.0	0.0	0.0	0.0	0.0	0.0	0.0	0.0	16.67	0.0	0.0	0.0	0.0	0.0	0.0	0.0	8.33	0.0	0.0	0.0	0.0	50.00	8.33	0.0	8.33	0.0	0.0	0.0	0.0	0.0	58.33	8.33	0.0	0.0	0.0	0.0	16.67	25.00	0.0	0.0	16.67	0.0	0.0	0.0	8.33	0.0	0.0	0.0	0.0	0.0	0.0	0.0	25.00	16.67	8.33	25.00	0.0	33.33	0.0	0.0	0.0	0.0	0.0	8.33	8.33	0.0	0.0	0.0	8.33	16.67	0.0	0.0	8.33
MARIAN	0.0	0.0	0.0	0.0	0.0	0.0	0.0	0.0	0.0	0.0	0.0	0.0	0.0	6.67	0.0	0.0	0.0	0.0	0.0	6.67	6.67	20.00	0.0	0.0	0.0	6.67	20.00	6.67	0.0	6.67	0.0	0.0	0.0	0.0	0.0	73.33	0.0	0.0	0.0	0.0	0.0	6.67	6.67	0.0	0.0	0.0	6.67	0.0	0.0	0.0	6.67	0.0	0.0	0.0	6.67	0.0	0.0	26.67	13.33	20.00	33.33	0.0	13.33	0.0	0.0	0.0	0.0	0.0	26.67	6.67	0.0	0.0	0.0	0.0	33.33	0.0	6.67	20.00
PAULA	0.0	0.0	0.0	0.0	0.0	0.0	0.0	0.0	0.0	0.0	0.0	0.0	0.0	0.0	0.0	9.09	0.0	0.0	0.0	9.09	0.0	27.27	0.0	0.0	0.0	0.0	18.18	0.0	0.0	9.09	0.0	0.0	0.0	0.0	0.0	81.82	9.09	0.0	0.0	0.0	0.0	9.09	9.09	0.0	0.0	0.0	0.0	0.0	0.0	0.0	9.09	0.0	0.0	0.0	0.0	0.0	0.0	27.27	18.18	0.0	27.27	0.0	27.27	0.0	0.0	0.0	0.0	0.0	18.18	18.18	0.0	0.0	0.0	0.0	27.27	0.0	0.0	18.18
MARIAN	0.0	0.0	0.0	0.0	0.0	0.0	0.0	0.0	0.0	0.0	0.0	0.0	0.0	8.33	0.0	0.0	8.33	0.0	0.0	0.0	0.0	20.83	0.0	0.0	4.17	4.17	16.67	0.0	0.0	0.0	0.0	4.17	0.0	0.0	0.0	58.33	0.0	0.0	0.0	0.0	0.0	12.50	4.17	0.0	0.0	4.17	0.0	4.17	0.0	8.33	12.50	0.0	0.0	0.0	12.50	0.0	8.33	25.00	8.33	12.50	25.00	4.17	20.83	8.33	0.0	0.0	0.0	4.17	16.67	0.0	0.0	0.0	0.0	12.50	25.00	4.17	0.0	4.17
PAULA	0.0	0.0	0.0	0.0	0.0	0.0	0.0	0.0	0.0	0.0	0.0	0.0	0.0	0.0	0.0	0.0	33.33	0.0	0.0	0.0	0.0	33.33	33.33	0.0	0.0	0.0	0.0	0.0	0.0	0.0	0.0	0.0	0.0	0.0	0.0	100.00	0.0	0.0	0.0	0.0	0.0	66.67	0.0	0.0	0.0	0.0	0.0	0.0	0.0	0.0	0.0	0.0	0.0	0.0	0.0	0.0	33.33	66.67	33.33	33.33	66.67	0.0	0.0	0.0	0.0	0.0	33.33	0.0	33.33	0.0	0.0	0.0	0.0	0.0	66.67	0.0	0.0	0.0
PAULA	0.0	0.0	0.0	0.0	0.0	0.0	0.0	0.0	0.0	0.0	0.0	0.0	0.0	4.55	0.0	22.73	4.55	0.0	0.0	0.0	4.55	9.09	9.09	0.0	4.55	0.0	13.64	9.09	0.0	4.55	0.0	0.0	0.0	0.0	0.0	63.64	4.55	9.09	0.0	0.0	0.0	4.55	0.0	0.0	0.0	4.55	0.0	0.0	0.0	4.55	0.0	0.0	0.0	0.0	0.0	0.0	4.55	27.27	9.09	18.18	27.27	4.55	13.64	0.0	0.0	0.0	0.0	9.09	27.27	0.0	0.0	0.0	0.0	9.09	22.73	0.0	0.0	13.64
MARIAN	0.0	0.0	0.0	0.0	0.0	0.0	0.0	0.0	0.0	0.0	0.0	0.0	0.0	0.0	7.14	0.0	7.14	0.0	0.0	0.0	0.0	7.14	7.14	0.0	7.14	0.0	21.43	0.0	0.0	0.0	0.0	0.0	7.14	0.0	0.0	57.14	0.0	7.14	0.0	0.0	0.0	28.57	0.0	0.0	0.0	7.14	7.14	0.0	0.0	7.14	0.0	0.0	0.0	0.0	0.0	7.14	7.14	28.57	14.29	28.57	35.71	7.14	21.43	0.0	0.0	0.0	0.0	0.0	0.0	7.14	0.0	7.14	0.0	7.14	28.57	0.0	0.0	0.0
PAULA	0.0	0.0	0.0	0.0	0.0	0.0	0.0	0.0	0.0	0.0	0.0	0.0	0.0	0.0	0.0	0.0	0.0	0.0	0.0	0.0	0.0	0.0	0.0	0.0	0.0	0.0	0.0	0.0	0.0	0.0	0.0	100.00	0.0	0.0	0.0	0.0	0.0	0.0	0.0	0.0	0.0	0.0	0.0	0.0	0.0	0.0	0.0	0.0	0.0	0.0	0.0	0.0	0.0	0.0	0.0	0.0	0.0	0.0	0.0	0.0	0.0	0.0	0.0	0.0	0.0	0.0	0.0	0.0	100.00	0.0	0.0	0.0	0.0	0.0	0.0	0.0	0.0	0.0
MARIAN	0.0	0.0	0.0	0.0	0.0	0.0	0.0	0.0	0.0	0.0	0.0	0.0	0.0	16.67	0.0	0.0	0.0	0.0	0.0	0.0	0.0	16.67	0.0	0.0	16.67	0.0	33.33	0.0	0.0	0.0	0.0	0.0	0.0	0.0	0.0	66.67	0.0	0.0	0.0	0.0	0.0	33.33	0.0	0.0	0.0	16.67	0.0	0.0	0.0	0.0	0.0	0.0	0.0	0.0	0.0	0.0	0.0	33.33	0.0	33.33	33.33	16.67	0.0	0.0	0.0	0.0	0.0	0.0	0.0	0.0	0.0	0.0	0.0	0.0	33.33	0.0	0.0	0.0
PAULA	0.0	0.0	0.0	0.0	0.0	0.0	0.0	0.0	0.0	0.0	0.0	0.0	0.0	18.75	0.0	0.0	6.25	0.0	0.0	6.25	0.0	6.25	6.25	0.0	0.0	0.0	6.25	0.0	0.0	0.0	0.0	6.25	0.0	0.0	0.0	50.00	0.0	0.0	0.0	0.0	0.0	12.50	0.0	0.0	0.0	6.25	0.0	0.0	0.0	6.25	0.0	0.0	0.0	0.0	0.0	0.0	6.25	25.00	12.50	12.50	25.00	0.0	12.50	0.0	0.0	0.0	6.25	0.0	31.25	6.25	0.0	0.0	0.0	0.0	12.50	0.0	6.25	12.50
MARIAN	0.0	0.0	0.0	0.0	0.0	0.0	0.0	0.0	0.0	0.0	0.0	0.0	0.0	0.0	0.0	0.0	0.0	0.0	0.0	0.0	100.00	0.0	0.0	0.0	0.0	0.0	0.0	0.0	0.0	0.0	0.0	0.0	0.0	0.0	0.0	0.0	0.0	0.0	0.0	0.0	0.0	0.0	0.0	0.0	0.0	0.0	0.0	0.0	0.0	0.0	0.0	0.0	50.00	0.0	0.0	0.0	0.0	0.0	0.0	0.0	0.0	0.0	0.0	0.0	0.0	0.0	0.0	0.0	0.0	0.0	0.0	0.0	0.0	0.0	0.0	0.0	0.0	0.0
PAULA	14.29	0.0	0.0	0.0	0.0	0.0	0.0	0.0	0.0	14.29	0.0	0.0	0.0	0.0	0.0	7.14	14.29	0.0	0.0	14.29	0.0	7.14	0.0	0.0	0.0	0.0	21.43	14.29	0.0	0.0	0.0	0.0	0.0	0.0	0.0	50.00	0.0	0.0	0.0	0.0	0.0	0.0	14.29	0.0	7.14	0.0	0.0	0.0	0.0	7.14	0.0	0.0	7.14	0.0	0.0	0.0	14.29	0.0	7.14	7.14	0.0	0.0	28.57	0.0	0.0	0.0	0.0	0.0	7.14	7.14	0.0	0.0	0.0	14.29	7.14	0.0	0.0	0.0
MARIAN	0.0	0.0	0.0	0.0	0.0	0.0	0.0	0.0	0.0	0.0	0.0	0.0	0.0	100.00	0.0	0.0	50.00	0.0	0.0	0.0	0.0	0.0	0.0	0.0	0.0	0.0	0.0	0.0	0.0	0.0	0.0	0.0	0.0	0.0	50.00	0.0	0.0	0.0	0.0	0.0	0.0	0.0	0.0	0.0	0.0	0.0	0.0	0.0	0.0	0.0	0.0	0.0	0.0	0.0	0.0	0.0	50.00	0.0	0.0	0.0	0.0	0.0	0.0	0.0	0.0	0.0	0.0	0.0	50.00	0.0	0.0	0.0	0.0	0.0	0.0	0.0	0.0	0.0
DISCIPLE PROSPECT	0.0	0.0	0.0	0.0	0.0	0.0	0.0	0.0	0.0	0.0	0.0	0.0	0.0	0.0	0.0	0.0	0.0	0.0	0.0	0.0	0.0	0.0	0.0	0.0	0.0	50.00	50.00	0.0	0.0	0.0	0.0	0.0	0.0	0.0	0.0	50.00	0.0	0.0	0.0	0.0	0.0	0.0	0.0	0.0	0.0	0.0	0.0	0.0	0.0	0.0	0.0	0.0	0.0	0.0	0.0	0.0	0.0	0.0	0.0	0.0	0.0	50.00	50.00	0.0	0.0	0.0	0.0	0.0	0.0	50.00	0.0	0.0	0.0	0.0	0.0	0.0	0.0	0.0
